DROP TABLE IF EXISTS ngo_rank;

CREATE TABLE `ngo_rank` (
  `id` int(11) NOT NULL AUTO_INCREMENT,
  `rank` varchar(100) NOT NULL,
  `status` int(11) NOT NULL,
  `added_on` datetime NOT NULL,
  `modify_on` timestamp NOT NULL DEFAULT CURRENT_TIMESTAMP ON UPDATE CURRENT_TIMESTAMP,
  `modify_by` int(11) NOT NULL,
  PRIMARY KEY (`id`)
) ENGINE=MyISAM AUTO_INCREMENT=10 DEFAULT CHARSET=latin1;

INSERT INTO ngo_rank VALUES("1","HEAD UNIT","1","2016-10-23 03:33:27","2016-10-25 04:02:58","1");
INSERT INTO ngo_rank VALUES("8","VOLUNTEER","1","2016-10-23 03:02:49","2016-10-29 11:43:37","1");
INSERT INTO ngo_rank VALUES("7","ACTIVE VOLUNTEER","1","2016-10-23 03:00:53","2016-11-09 12:22:04","1");
INSERT INTO ngo_rank VALUES("6","SR. VOLUNTEER","1","2016-10-23 03:00:05","2016-11-18 21:09:10","1");
INSERT INTO ngo_rank VALUES("5","CLUB VOLUNTEER","1","2016-10-23 02:59:20","2016-11-18 21:08:54","1");
INSERT INTO ngo_rank VALUES("4","DPG","1","2016-10-23 02:58:28","2016-10-25 04:02:23","1");
INSERT INTO ngo_rank VALUES("3","MINI UNIT","1","2016-10-23 02:57:37","2016-10-25 04:02:32","1");
INSERT INTO ngo_rank VALUES("2","UNIT","1","2016-10-23 02:57:05","2016-10-25 04:02:40","1");
INSERT INTO ngo_rank VALUES("9","MEMBER","1","2016-10-23 03:35:52","2016-10-25 04:02:48","1");


DROP TABLE IF EXISTS ngo_user;

CREATE TABLE `ngo_user` (
  `id` int(11) NOT NULL AUTO_INCREMENT,
  `username` varchar(50) NOT NULL,
  `alt_username` varchar(13) NOT NULL,
  `password` varchar(50) NOT NULL,
  `status` enum('0','1','2','3','4') NOT NULL,
  `type` enum('1','2','3') NOT NULL,
  `lastlogin` datetime NOT NULL,
  `added_on` date NOT NULL,
  `modify_on` timestamp NOT NULL DEFAULT CURRENT_TIMESTAMP,
  `modify_by` int(11) NOT NULL,
  `useridfk` int(11) NOT NULL,
  PRIMARY KEY (`id`),
  UNIQUE KEY `username` (`username`),
  UNIQUE KEY `alt_username` (`alt_username`),
  KEY `id` (`id`)
) ENGINE=MyISAM AUTO_INCREMENT=249 DEFAULT CHARSET=latin1;

INSERT INTO ngo_user VALUES("1","super_admin","super_admin","6c2dd4ef3c37ff553d735ffcdbd7ce22","1","1","2017-01-15 09:52:32","2016-11-02","2017-01-15 09:57:49","1","1");
INSERT INTO ngo_user VALUES("2","HLF000001","HLF000001","6c2dd4ef3c37ff553d735ffcdbd7ce22","1","2","2017-01-13 11:55:41","2016-11-02","2017-01-15 09:55:56","1","2");
INSERT INTO ngo_user VALUES("179","HLF010069","HLF010069","6c2dd4ef3c37ff553d735ffcdbd7ce22","1","3","0000-00-00 00:00:00","2016-12-29","2016-12-29 10:33:45","2","179");
INSERT INTO ngo_user VALUES("178","HLF010068","HLF010068","6c2dd4ef3c37ff553d735ffcdbd7ce22","1","3","0000-00-00 00:00:00","2016-12-28","2016-12-28 16:25:59","2","178");
INSERT INTO ngo_user VALUES("177","HLF010067","HLF010067","6c2dd4ef3c37ff553d735ffcdbd7ce22","1","3","0000-00-00 00:00:00","2016-12-28","2016-12-28 16:23:02","2","177");
INSERT INTO ngo_user VALUES("176","HLF010066","HLF010066","6c2dd4ef3c37ff553d735ffcdbd7ce22","1","3","0000-00-00 00:00:00","2016-12-28","2016-12-28 16:14:03","2","176");
INSERT INTO ngo_user VALUES("175","HLF010065","HLF010065","6c2dd4ef3c37ff553d735ffcdbd7ce22","1","3","0000-00-00 00:00:00","2016-12-28","2016-12-28 16:08:30","2","175");
INSERT INTO ngo_user VALUES("174","HLF010064","HLF010064","6c2dd4ef3c37ff553d735ffcdbd7ce22","1","3","0000-00-00 00:00:00","2016-12-28","2016-12-28 16:03:52","2","174");
INSERT INTO ngo_user VALUES("173","HLF010063","HLF010063","6c2dd4ef3c37ff553d735ffcdbd7ce22","1","3","0000-00-00 00:00:00","2016-12-28","2016-12-28 15:58:04","2","173");
INSERT INTO ngo_user VALUES("172","HLF010062","HLF010062","6c2dd4ef3c37ff553d735ffcdbd7ce22","1","3","0000-00-00 00:00:00","2016-12-28","2016-12-28 15:57:50","2","172");
INSERT INTO ngo_user VALUES("171","HLF010061","HLF010061","6c2dd4ef3c37ff553d735ffcdbd7ce22","1","3","0000-00-00 00:00:00","2016-12-28","2016-12-28 15:48:32","2","171");
INSERT INTO ngo_user VALUES("170","HLF010060","HLF010060","6c2dd4ef3c37ff553d735ffcdbd7ce22","1","3","0000-00-00 00:00:00","2016-12-28","2016-12-28 15:32:53","2","170");
INSERT INTO ngo_user VALUES("168","HLF010058","HLF010058","6c2dd4ef3c37ff553d735ffcdbd7ce22","1","3","0000-00-00 00:00:00","2016-12-28","2016-12-28 15:29:35","2","168");
INSERT INTO ngo_user VALUES("169","HLF010059","HLF010059","6c2dd4ef3c37ff553d735ffcdbd7ce22","1","3","0000-00-00 00:00:00","2016-12-28","2016-12-28 15:31:49","2","169");
INSERT INTO ngo_user VALUES("167","HLF010057","HLF010057","6c2dd4ef3c37ff553d735ffcdbd7ce22","1","3","0000-00-00 00:00:00","2016-12-28","2016-12-28 15:26:17","2","167");
INSERT INTO ngo_user VALUES("158","HLF010048","HLF010048","6c2dd4ef3c37ff553d735ffcdbd7ce22","1","3","0000-00-00 00:00:00","2016-12-28","2016-12-28 14:55:21","2","158");
INSERT INTO ngo_user VALUES("166","HLF010056","HLF010056","6c2dd4ef3c37ff553d735ffcdbd7ce22","1","3","0000-00-00 00:00:00","2016-12-28","2016-12-28 15:23:04","2","166");
INSERT INTO ngo_user VALUES("150","HLF010040","HLF010040","6c2dd4ef3c37ff553d735ffcdbd7ce22","1","3","0000-00-00 00:00:00","2016-12-27","2016-12-27 14:17:53","2","150");
INSERT INTO ngo_user VALUES("165","HLF010055","HLF010055","6c2dd4ef3c37ff553d735ffcdbd7ce22","1","3","0000-00-00 00:00:00","2016-12-28","2016-12-28 15:19:16","2","165");
INSERT INTO ngo_user VALUES("164","HLF010054","HLF010054","6c2dd4ef3c37ff553d735ffcdbd7ce22","1","3","0000-00-00 00:00:00","2016-12-28","2016-12-28 15:10:38","2","164");
INSERT INTO ngo_user VALUES("163","HLF010053","HLF010053","6c2dd4ef3c37ff553d735ffcdbd7ce22","1","3","0000-00-00 00:00:00","2016-12-28","2016-12-28 15:08:56","2","163");
INSERT INTO ngo_user VALUES("162","HLF010052","HLF010052","6c2dd4ef3c37ff553d735ffcdbd7ce22","1","3","0000-00-00 00:00:00","2016-12-28","2016-12-28 15:03:33","2","162");
INSERT INTO ngo_user VALUES("161","HLF010051","HLF010051","6c2dd4ef3c37ff553d735ffcdbd7ce22","1","3","0000-00-00 00:00:00","2016-12-28","2016-12-28 15:02:51","2","161");
INSERT INTO ngo_user VALUES("156","HLF010046","HLF010046","6c2dd4ef3c37ff553d735ffcdbd7ce22","1","3","0000-00-00 00:00:00","2016-12-28","2016-12-28 14:15:28","2","156");
INSERT INTO ngo_user VALUES("160","HLF010050","HLF010050","6c2dd4ef3c37ff553d735ffcdbd7ce22","1","3","0000-00-00 00:00:00","2016-12-28","2016-12-28 14:59:39","2","160");
INSERT INTO ngo_user VALUES("159","HLF010049","HLF010049","6c2dd4ef3c37ff553d735ffcdbd7ce22","1","3","0000-00-00 00:00:00","2016-12-28","2016-12-28 14:59:04","2","159");
INSERT INTO ngo_user VALUES("157","HLF010047","HLF010047","6c2dd4ef3c37ff553d735ffcdbd7ce22","1","3","0000-00-00 00:00:00","2016-12-28","2016-12-28 14:34:29","2","157");
INSERT INTO ngo_user VALUES("155","HLF010045","HLF010045","6c2dd4ef3c37ff553d735ffcdbd7ce22","1","3","0000-00-00 00:00:00","2016-12-28","2016-12-28 14:13:39","2","155");
INSERT INTO ngo_user VALUES("154","HLF010044","HLF010044","6c2dd4ef3c37ff553d735ffcdbd7ce22","1","3","0000-00-00 00:00:00","2016-12-28","2016-12-28 14:05:21","2","154");
INSERT INTO ngo_user VALUES("153","HLF010043","HLF010043","6c2dd4ef3c37ff553d735ffcdbd7ce22","1","3","0000-00-00 00:00:00","2016-12-27","2016-12-27 17:14:58","2","153");
INSERT INTO ngo_user VALUES("152","HLF010042","HLF010042","6c2dd4ef3c37ff553d735ffcdbd7ce22","1","3","0000-00-00 00:00:00","2016-12-27","2016-12-27 14:30:14","2","152");
INSERT INTO ngo_user VALUES("151","HLF010041","HLF010041","6c2dd4ef3c37ff553d735ffcdbd7ce22","1","3","0000-00-00 00:00:00","2016-12-27","2016-12-27 14:23:57","2","151");
INSERT INTO ngo_user VALUES("149","HLF010039","HLF010039","6c2dd4ef3c37ff553d735ffcdbd7ce22","1","3","0000-00-00 00:00:00","2016-12-27","2016-12-27 14:03:51","2","149");
INSERT INTO ngo_user VALUES("148","HLF010038","HLF010038","6c2dd4ef3c37ff553d735ffcdbd7ce22","1","3","0000-00-00 00:00:00","2016-12-27","2016-12-27 14:00:43","2","148");
INSERT INTO ngo_user VALUES("147","HLF010037","HLF010037","6c2dd4ef3c37ff553d735ffcdbd7ce22","1","3","0000-00-00 00:00:00","2016-12-27","2016-12-27 13:57:35","2","147");
INSERT INTO ngo_user VALUES("146","HLF010036","HLF010036","6c2dd4ef3c37ff553d735ffcdbd7ce22","1","3","0000-00-00 00:00:00","2016-12-27","2016-12-27 13:54:18","2","146");
INSERT INTO ngo_user VALUES("145","HLF010035","HLF010035","6c2dd4ef3c37ff553d735ffcdbd7ce22","1","3","0000-00-00 00:00:00","2016-12-27","2016-12-27 12:29:58","2","145");
INSERT INTO ngo_user VALUES("144","HLF010034","HLF010034","6c2dd4ef3c37ff553d735ffcdbd7ce22","1","3","0000-00-00 00:00:00","2016-12-27","2016-12-27 12:18:52","2","144");
INSERT INTO ngo_user VALUES("143","HLF010033","HLF010033","6c2dd4ef3c37ff553d735ffcdbd7ce22","1","3","0000-00-00 00:00:00","2016-12-27","2016-12-27 12:14:26","2","143");
INSERT INTO ngo_user VALUES("142","HLF010032","HLF010032","6c2dd4ef3c37ff553d735ffcdbd7ce22","1","3","0000-00-00 00:00:00","2016-12-27","2016-12-27 12:04:03","2","142");
INSERT INTO ngo_user VALUES("141","HLF010031","HLF010031","6c2dd4ef3c37ff553d735ffcdbd7ce22","1","3","0000-00-00 00:00:00","2016-12-26","2016-12-26 15:05:25","2","141");
INSERT INTO ngo_user VALUES("140","HLF010030","HLF010030","6c2dd4ef3c37ff553d735ffcdbd7ce22","1","3","0000-00-00 00:00:00","2016-12-26","2016-12-26 14:55:53","2","140");
INSERT INTO ngo_user VALUES("139","HLF010029","HLF010029","6c2dd4ef3c37ff553d735ffcdbd7ce22","1","3","0000-00-00 00:00:00","2016-12-26","2016-12-26 14:46:34","2","139");
INSERT INTO ngo_user VALUES("138","HLF010028","HLF010028","6c2dd4ef3c37ff553d735ffcdbd7ce22","1","3","0000-00-00 00:00:00","2016-12-26","2016-12-26 14:03:15","2","138");
INSERT INTO ngo_user VALUES("137","HLF010027","HLF010027","6c2dd4ef3c37ff553d735ffcdbd7ce22","1","3","0000-00-00 00:00:00","2016-12-26","2016-12-26 13:57:51","2","137");
INSERT INTO ngo_user VALUES("136","HLF010026","HLF010026","6c2dd4ef3c37ff553d735ffcdbd7ce22","1","3","0000-00-00 00:00:00","2016-12-26","2016-12-26 13:50:06","2","136");
INSERT INTO ngo_user VALUES("135","HLF010025","HLF010025","6c2dd4ef3c37ff553d735ffcdbd7ce22","1","3","0000-00-00 00:00:00","2016-12-26","2016-12-26 13:46:04","2","135");
INSERT INTO ngo_user VALUES("134","HLF010024","HLF010024","6c2dd4ef3c37ff553d735ffcdbd7ce22","1","3","0000-00-00 00:00:00","2016-12-26","2016-12-26 13:44:20","2","134");
INSERT INTO ngo_user VALUES("133","HLF010023","HLF010023","6c2dd4ef3c37ff553d735ffcdbd7ce22","1","3","0000-00-00 00:00:00","2016-12-26","2016-12-26 13:41:30","2","133");
INSERT INTO ngo_user VALUES("132","HLF010022","HLF010022","6c2dd4ef3c37ff553d735ffcdbd7ce22","1","3","0000-00-00 00:00:00","2016-12-26","2016-12-26 13:39:16","2","132");
INSERT INTO ngo_user VALUES("131","HLF010021","HLF010021","6c2dd4ef3c37ff553d735ffcdbd7ce22","1","3","0000-00-00 00:00:00","2016-12-26","2016-12-26 13:35:55","2","131");
INSERT INTO ngo_user VALUES("130","HLF010020","HLF010020","6c2dd4ef3c37ff553d735ffcdbd7ce22","1","3","0000-00-00 00:00:00","2016-12-26","2016-12-26 13:31:22","2","130");
INSERT INTO ngo_user VALUES("129","HLF010019","HLF010019","6c2dd4ef3c37ff553d735ffcdbd7ce22","1","3","0000-00-00 00:00:00","2016-12-26","2016-12-26 13:17:57","2","129");
INSERT INTO ngo_user VALUES("128","HLF010018","HLF010018","6c2dd4ef3c37ff553d735ffcdbd7ce22","1","3","0000-00-00 00:00:00","2016-12-21","2016-12-21 13:34:26","1","128");
INSERT INTO ngo_user VALUES("127","HLF010017","HLF010017","6c2dd4ef3c37ff553d735ffcdbd7ce22","1","3","0000-00-00 00:00:00","2016-12-21","2016-12-21 13:28:03","1","127");
INSERT INTO ngo_user VALUES("126","HLF010016","HLF010016","6c2dd4ef3c37ff553d735ffcdbd7ce22","1","3","0000-00-00 00:00:00","2016-12-21","2016-12-21 13:08:24","1","126");
INSERT INTO ngo_user VALUES("125","HLF010015","HLF010015","6c2dd4ef3c37ff553d735ffcdbd7ce22","1","3","0000-00-00 00:00:00","2016-12-21","2016-12-21 13:02:48","1","125");
INSERT INTO ngo_user VALUES("124","HLF010014","HLF010014","6c2dd4ef3c37ff553d735ffcdbd7ce22","1","3","0000-00-00 00:00:00","2016-12-21","2016-12-21 12:57:24","1","124");
INSERT INTO ngo_user VALUES("123","HLF010013","HLF010013","6c2dd4ef3c37ff553d735ffcdbd7ce22","1","3","0000-00-00 00:00:00","2016-12-21","2016-12-21 12:48:06","1","123");
INSERT INTO ngo_user VALUES("122","HLF010012","HLF010012","6c2dd4ef3c37ff553d735ffcdbd7ce22","1","3","0000-00-00 00:00:00","2016-12-21","2016-12-21 12:28:30","1","122");
INSERT INTO ngo_user VALUES("121","HLF010011","HLF010011","6c2dd4ef3c37ff553d735ffcdbd7ce22","1","3","0000-00-00 00:00:00","2016-12-21","2016-12-21 12:23:06","1","121");
INSERT INTO ngo_user VALUES("120","HLF010010","HLF010010","6c2dd4ef3c37ff553d735ffcdbd7ce22","1","3","0000-00-00 00:00:00","2016-12-21","2016-12-21 12:13:16","1","120");
INSERT INTO ngo_user VALUES("119","HLF010009","HLF010009","6c2dd4ef3c37ff553d735ffcdbd7ce22","1","3","2016-12-29 21:08:35","2016-12-21","2016-12-29 21:08:35","1","119");
INSERT INTO ngo_user VALUES("118","HLF010008","HLF010008","6c2dd4ef3c37ff553d735ffcdbd7ce22","1","3","0000-00-00 00:00:00","2016-12-15","2016-12-15 14:45:25","1","118");
INSERT INTO ngo_user VALUES("117","HLF010007","HLF010007","6c2dd4ef3c37ff553d735ffcdbd7ce22","1","3","0000-00-00 00:00:00","2016-12-15","2016-12-15 14:39:43","1","117");
INSERT INTO ngo_user VALUES("113","HLF010003","HLF010003","6c2dd4ef3c37ff553d735ffcdbd7ce22","1","3","0000-00-00 00:00:00","2016-12-07","2017-01-15 09:59:30","2","113");
INSERT INTO ngo_user VALUES("114","HLF010004","HLF010004","6c2dd4ef3c37ff553d735ffcdbd7ce22","1","3","2016-12-23 13:06:47","2016-12-15","2016-12-23 13:06:47","2","114");
INSERT INTO ngo_user VALUES("116","HLF010006","HLF010006","6c2dd4ef3c37ff553d735ffcdbd7ce22","1","3","0000-00-00 00:00:00","2016-12-15","2016-12-15 13:27:44","2","116");
INSERT INTO ngo_user VALUES("115","HLF010005","HLF010005","6c2dd4ef3c37ff553d735ffcdbd7ce22","1","3","0000-00-00 00:00:00","2016-12-15","2016-12-15 13:20:10","2","115");
INSERT INTO ngo_user VALUES("112","HLF010002","HLF010002","6c2dd4ef3c37ff553d735ffcdbd7ce22","1","3","0000-00-00 00:00:00","2016-12-04","2017-01-15 09:59:02","1","112");
INSERT INTO ngo_user VALUES("180","HLF010070","HLF010070","6c2dd4ef3c37ff553d735ffcdbd7ce22","1","3","0000-00-00 00:00:00","2016-12-29","2016-12-29 10:43:34","2","180");
INSERT INTO ngo_user VALUES("181","HLF010071","HLF010071","6c2dd4ef3c37ff553d735ffcdbd7ce22","1","3","0000-00-00 00:00:00","2016-12-29","2016-12-29 10:49:14","2","181");
INSERT INTO ngo_user VALUES("182","HLF010072","HLF010072","6c2dd4ef3c37ff553d735ffcdbd7ce22","1","3","0000-00-00 00:00:00","2016-12-29","2016-12-29 11:00:11","2","182");
INSERT INTO ngo_user VALUES("183","HLF010073","HLF010073","6c2dd4ef3c37ff553d735ffcdbd7ce22","1","3","0000-00-00 00:00:00","2016-12-29","2016-12-29 11:10:21","2","183");
INSERT INTO ngo_user VALUES("184","HLF010074","HLF010074","6c2dd4ef3c37ff553d735ffcdbd7ce22","1","3","0000-00-00 00:00:00","2016-12-29","2016-12-29 11:17:04","2","184");
INSERT INTO ngo_user VALUES("185","HLF010075","HLF010075","6c2dd4ef3c37ff553d735ffcdbd7ce22","1","3","0000-00-00 00:00:00","2016-12-29","2016-12-29 12:30:07","2","185");
INSERT INTO ngo_user VALUES("186","HLF010076","HLF010076","6c2dd4ef3c37ff553d735ffcdbd7ce22","1","3","0000-00-00 00:00:00","2016-12-29","2016-12-29 12:49:32","2","186");
INSERT INTO ngo_user VALUES("187","HLF010077","HLF010077","6c2dd4ef3c37ff553d735ffcdbd7ce22","1","3","0000-00-00 00:00:00","2016-12-29","2016-12-29 13:02:28","2","187");
INSERT INTO ngo_user VALUES("188","HLF010078","HLF010078","6c2dd4ef3c37ff553d735ffcdbd7ce22","1","3","0000-00-00 00:00:00","2016-12-29","2016-12-29 13:06:50","2","188");
INSERT INTO ngo_user VALUES("189","HLF010079","HLF010079","6c2dd4ef3c37ff553d735ffcdbd7ce22","1","3","0000-00-00 00:00:00","2016-12-29","2016-12-29 13:13:46","2","189");
INSERT INTO ngo_user VALUES("190","HLF010080","HLF010080","6c2dd4ef3c37ff553d735ffcdbd7ce22","1","3","0000-00-00 00:00:00","2016-12-29","2016-12-29 13:18:20","2","190");
INSERT INTO ngo_user VALUES("191","HLF010081","HLF010081","6c2dd4ef3c37ff553d735ffcdbd7ce22","1","3","0000-00-00 00:00:00","2016-12-29","2016-12-29 13:31:50","2","191");
INSERT INTO ngo_user VALUES("192","HLF010082","HLF010082","6c2dd4ef3c37ff553d735ffcdbd7ce22","1","3","0000-00-00 00:00:00","2016-12-29","2016-12-29 13:43:59","2","192");
INSERT INTO ngo_user VALUES("193","HLF010083","HLF010083","6c2dd4ef3c37ff553d735ffcdbd7ce22","1","3","0000-00-00 00:00:00","2016-12-29","2016-12-29 13:46:28","2","193");
INSERT INTO ngo_user VALUES("194","HLF010084","HLF010084","6c2dd4ef3c37ff553d735ffcdbd7ce22","1","3","0000-00-00 00:00:00","2016-12-29","2016-12-29 13:48:33","2","194");
INSERT INTO ngo_user VALUES("195","HLF010085","HLF010085","6c2dd4ef3c37ff553d735ffcdbd7ce22","1","3","0000-00-00 00:00:00","2016-12-29","2016-12-29 13:56:56","2","195");
INSERT INTO ngo_user VALUES("196","HLF010086","HLF010086","6c2dd4ef3c37ff553d735ffcdbd7ce22","1","3","0000-00-00 00:00:00","2016-12-29","2016-12-29 13:58:55","2","196");
INSERT INTO ngo_user VALUES("197","HLF010087","HLF010087","6c2dd4ef3c37ff553d735ffcdbd7ce22","1","3","0000-00-00 00:00:00","2016-12-29","2016-12-29 14:49:28","2","197");
INSERT INTO ngo_user VALUES("198","HLF010088","HLF010088","6c2dd4ef3c37ff553d735ffcdbd7ce22","1","3","0000-00-00 00:00:00","2016-12-29","2016-12-29 21:02:56","2","198");
INSERT INTO ngo_user VALUES("199","HLF010089","HLF010089","6c2dd4ef3c37ff553d735ffcdbd7ce22","1","3","0000-00-00 00:00:00","2016-12-29","2016-12-29 21:08:11","2","199");
INSERT INTO ngo_user VALUES("200","HLF010090","HLF010090","6c2dd4ef3c37ff553d735ffcdbd7ce22","1","3","0000-00-00 00:00:00","2016-12-29","2016-12-29 21:12:07","2","200");
INSERT INTO ngo_user VALUES("201","HLF010091","HLF010091","6c2dd4ef3c37ff553d735ffcdbd7ce22","1","3","0000-00-00 00:00:00","2016-12-30","2016-12-30 14:39:24","2","201");
INSERT INTO ngo_user VALUES("202","HLF010092","HLF010092","6c2dd4ef3c37ff553d735ffcdbd7ce22","1","3","0000-00-00 00:00:00","2016-12-30","2016-12-30 14:44:13","2","202");
INSERT INTO ngo_user VALUES("203","HLF010093","HLF010093","6c2dd4ef3c37ff553d735ffcdbd7ce22","1","3","0000-00-00 00:00:00","2016-12-30","2016-12-30 14:55:49","2","203");
INSERT INTO ngo_user VALUES("204","HLF010094","HLF010094","6c2dd4ef3c37ff553d735ffcdbd7ce22","1","3","0000-00-00 00:00:00","2016-12-30","2016-12-30 15:00:22","2","204");
INSERT INTO ngo_user VALUES("205","HLF010095","HLF010095","6c2dd4ef3c37ff553d735ffcdbd7ce22","1","3","0000-00-00 00:00:00","2016-12-30","2016-12-30 15:06:13","2","205");
INSERT INTO ngo_user VALUES("206","HLF010096","HLF010096","6c2dd4ef3c37ff553d735ffcdbd7ce22","1","3","0000-00-00 00:00:00","2016-12-30","2016-12-30 15:35:22","2","206");
INSERT INTO ngo_user VALUES("207","HLF010097","HLF010097","6c2dd4ef3c37ff553d735ffcdbd7ce22","1","3","0000-00-00 00:00:00","2016-12-30","2016-12-30 15:40:12","2","207");
INSERT INTO ngo_user VALUES("208","HLF010098","HLF010098","6c2dd4ef3c37ff553d735ffcdbd7ce22","1","3","0000-00-00 00:00:00","2016-12-30","2016-12-30 15:45:59","2","208");
INSERT INTO ngo_user VALUES("209","HLF010099","HLF010099","6c2dd4ef3c37ff553d735ffcdbd7ce22","1","3","0000-00-00 00:00:00","2016-12-30","2016-12-30 15:54:01","2","209");
INSERT INTO ngo_user VALUES("210","HLF010100","HLF010100","6c2dd4ef3c37ff553d735ffcdbd7ce22","1","3","0000-00-00 00:00:00","2016-12-30","2016-12-30 16:09:57","2","210");
INSERT INTO ngo_user VALUES("211","HLF010101","HLF010101","6c2dd4ef3c37ff553d735ffcdbd7ce22","1","3","0000-00-00 00:00:00","2016-12-30","2016-12-30 16:14:27","2","211");
INSERT INTO ngo_user VALUES("212","HLF010102","HLF010102","6c2dd4ef3c37ff553d735ffcdbd7ce22","1","3","0000-00-00 00:00:00","2016-12-30","2016-12-30 16:17:35","2","212");
INSERT INTO ngo_user VALUES("213","HLF010103","HLF010103","6c2dd4ef3c37ff553d735ffcdbd7ce22","1","3","0000-00-00 00:00:00","2016-12-30","2016-12-30 16:30:48","2","213");
INSERT INTO ngo_user VALUES("214","HLF010104","HLF010104","6c2dd4ef3c37ff553d735ffcdbd7ce22","1","3","0000-00-00 00:00:00","2016-12-30","2016-12-30 16:37:48","2","214");
INSERT INTO ngo_user VALUES("215","HLF010105","HLF010105","6c2dd4ef3c37ff553d735ffcdbd7ce22","1","3","0000-00-00 00:00:00","2016-12-30","2016-12-30 16:46:01","2","215");
INSERT INTO ngo_user VALUES("216","HLF010106","HLF010106","6c2dd4ef3c37ff553d735ffcdbd7ce22","1","3","0000-00-00 00:00:00","2016-12-30","2016-12-30 20:55:37","2","216");
INSERT INTO ngo_user VALUES("217","HLF010107","HLF010107","6c2dd4ef3c37ff553d735ffcdbd7ce22","1","3","0000-00-00 00:00:00","2016-12-30","2016-12-30 21:00:17","2","217");
INSERT INTO ngo_user VALUES("218","HLF010108","HLF010108","6c2dd4ef3c37ff553d735ffcdbd7ce22","1","3","0000-00-00 00:00:00","2016-12-30","2016-12-30 21:03:41","2","218");
INSERT INTO ngo_user VALUES("219","HLF010109","HLF010109","6c2dd4ef3c37ff553d735ffcdbd7ce22","1","3","0000-00-00 00:00:00","2016-12-30","2016-12-30 21:17:26","2","219");
INSERT INTO ngo_user VALUES("220","HLF010110","HLF010110","6c2dd4ef3c37ff553d735ffcdbd7ce22","1","3","0000-00-00 00:00:00","2016-12-30","2016-12-30 21:25:22","2","220");
INSERT INTO ngo_user VALUES("221","HLF010111","HLF010111","6c2dd4ef3c37ff553d735ffcdbd7ce22","1","3","0000-00-00 00:00:00","2016-12-30","2016-12-30 21:29:02","2","221");
INSERT INTO ngo_user VALUES("222","HLF010112","HLF010112","6c2dd4ef3c37ff553d735ffcdbd7ce22","1","3","0000-00-00 00:00:00","2016-12-30","2016-12-30 21:32:17","2","222");
INSERT INTO ngo_user VALUES("223","HLF010113","HLF010113","6c2dd4ef3c37ff553d735ffcdbd7ce22","1","3","0000-00-00 00:00:00","2016-12-30","2016-12-30 21:38:33","2","223");
INSERT INTO ngo_user VALUES("224","HLF010114","HLF010114","6c2dd4ef3c37ff553d735ffcdbd7ce22","1","3","0000-00-00 00:00:00","2016-12-30","2016-12-30 21:52:57","2","224");
INSERT INTO ngo_user VALUES("225","HLF010115","HLF010115","6c2dd4ef3c37ff553d735ffcdbd7ce22","1","3","0000-00-00 00:00:00","2016-12-30","2016-12-30 21:59:39","2","225");
INSERT INTO ngo_user VALUES("226","HLF010116","HLF010116","6c2dd4ef3c37ff553d735ffcdbd7ce22","1","3","0000-00-00 00:00:00","2016-12-30","2016-12-30 22:03:51","2","226");
INSERT INTO ngo_user VALUES("227","HLF010117","HLF010117","6c2dd4ef3c37ff553d735ffcdbd7ce22","1","3","0000-00-00 00:00:00","2016-12-30","2016-12-30 22:07:49","2","227");
INSERT INTO ngo_user VALUES("228","HLF010118","HLF010118","6c2dd4ef3c37ff553d735ffcdbd7ce22","1","3","0000-00-00 00:00:00","2016-12-30","2016-12-30 22:14:13","2","228");
INSERT INTO ngo_user VALUES("229","HLF010119","HLF010119","6c2dd4ef3c37ff553d735ffcdbd7ce22","1","3","0000-00-00 00:00:00","2016-12-30","2016-12-30 22:18:00","2","229");
INSERT INTO ngo_user VALUES("230","HLF010120","HLF010120","6c2dd4ef3c37ff553d735ffcdbd7ce22","1","3","0000-00-00 00:00:00","2016-12-30","2016-12-30 22:20:54","2","230");
INSERT INTO ngo_user VALUES("231","HLF010121","HLF010121","6c2dd4ef3c37ff553d735ffcdbd7ce22","1","3","0000-00-00 00:00:00","2016-12-30","2016-12-30 22:25:16","2","231");
INSERT INTO ngo_user VALUES("232","HLF010122","HLF010122","6c2dd4ef3c37ff553d735ffcdbd7ce22","1","3","0000-00-00 00:00:00","2016-12-30","2016-12-30 22:40:23","2","232");
INSERT INTO ngo_user VALUES("233","HLF010123","HLF010123","6c2dd4ef3c37ff553d735ffcdbd7ce22","1","3","0000-00-00 00:00:00","2016-12-30","2016-12-30 22:44:37","2","233");
INSERT INTO ngo_user VALUES("234","HLF010124","HLF010124","6c2dd4ef3c37ff553d735ffcdbd7ce22","1","3","0000-00-00 00:00:00","2016-12-30","2016-12-30 22:48:39","2","234");
INSERT INTO ngo_user VALUES("235","HLF010125","HLF010125","6c2dd4ef3c37ff553d735ffcdbd7ce22","1","3","0000-00-00 00:00:00","2016-12-30","2016-12-30 22:53:11","2","235");
INSERT INTO ngo_user VALUES("236","HLF010126","HLF010126","6c2dd4ef3c37ff553d735ffcdbd7ce22","1","3","0000-00-00 00:00:00","2016-12-30","2016-12-30 22:58:02","2","236");
INSERT INTO ngo_user VALUES("237","HLF010127","HLF010127","6c2dd4ef3c37ff553d735ffcdbd7ce22","1","3","0000-00-00 00:00:00","2016-12-30","2016-12-30 23:03:09","2","237");
INSERT INTO ngo_user VALUES("238","HLF010128","HLF010128","6c2dd4ef3c37ff553d735ffcdbd7ce22","1","3","0000-00-00 00:00:00","2016-12-30","2016-12-30 23:09:50","2","238");
INSERT INTO ngo_user VALUES("239","HLF010129","HLF010129","6c2dd4ef3c37ff553d735ffcdbd7ce22","1","3","0000-00-00 00:00:00","2016-12-30","2016-12-30 23:12:23","2","239");
INSERT INTO ngo_user VALUES("240","HLF010130","HLF010130","6c2dd4ef3c37ff553d735ffcdbd7ce22","1","3","0000-00-00 00:00:00","2016-12-30","2016-12-30 23:14:58","2","240");
INSERT INTO ngo_user VALUES("241","HLF010131","HLF010131","6c2dd4ef3c37ff553d735ffcdbd7ce22","1","3","0000-00-00 00:00:00","2016-12-30","2016-12-30 23:17:37","2","241");
INSERT INTO ngo_user VALUES("242","HLF010132","HLF010132","6c2dd4ef3c37ff553d735ffcdbd7ce22","1","3","0000-00-00 00:00:00","2016-12-30","2016-12-30 23:21:08","2","242");
INSERT INTO ngo_user VALUES("243","HLF010133","HLF010133","6c2dd4ef3c37ff553d735ffcdbd7ce22","1","3","0000-00-00 00:00:00","2016-12-31","2016-12-31 11:06:55","2","243");
INSERT INTO ngo_user VALUES("244","HLF010134","HLF010134","6c2dd4ef3c37ff553d735ffcdbd7ce22","1","3","0000-00-00 00:00:00","2017-01-02","2017-01-02 16:06:53","2","244");
INSERT INTO ngo_user VALUES("245","HLF010135","HLF010135","6c2dd4ef3c37ff553d735ffcdbd7ce22","1","3","0000-00-00 00:00:00","2017-01-13","2017-01-13 11:50:37","2","245");
INSERT INTO ngo_user VALUES("246","HLF010136","HLF010136","6c2dd4ef3c37ff553d735ffcdbd7ce22","1","3","0000-00-00 00:00:00","2017-01-13","2017-01-13 11:52:46","2","246");
INSERT INTO ngo_user VALUES("247","HLF010137","HLF010137","6c2dd4ef3c37ff553d735ffcdbd7ce22","1","3","0000-00-00 00:00:00","2017-01-13","2017-01-13 12:12:06","2","247");
INSERT INTO ngo_user VALUES("248","HLF010138","HLF010138","6c2dd4ef3c37ff553d735ffcdbd7ce22","1","3","0000-00-00 00:00:00","2017-01-13","2017-01-13 12:17:27","2","248");


DROP TABLE IF EXISTS ngo_user_account;

CREATE TABLE `ngo_user_account` (
  `id` int(11) NOT NULL AUTO_INCREMENT,
  `username` varchar(100) NOT NULL,
  `transaction_for` varchar(20) NOT NULL,
  `transaction_type` int(11) NOT NULL,
  `transaction_amount` varchar(10) NOT NULL,
  `transaction_date` date NOT NULL,
  `remarks` text NOT NULL,
  `status` int(11) NOT NULL,
  `added_on` datetime NOT NULL,
  `modify_on` timestamp NOT NULL DEFAULT CURRENT_TIMESTAMP ON UPDATE CURRENT_TIMESTAMP,
  `modify_by` int(11) NOT NULL,
  PRIMARY KEY (`id`)
) ENGINE=MyISAM AUTO_INCREMENT=14 DEFAULT CHARSET=latin1;

INSERT INTO ngo_user_account VALUES("1","HLF010005","192","1","100","2016-12-29","100 Rs. -  Mini Unit Commission for volunteer add","1","2016-12-29 13:44:05","2016-12-29 13:44:05","2");
INSERT INTO ngo_user_account VALUES("2","HLF010005","193","1","100","2016-12-29","100 Rs. -  Mini Unit Commission for volunteer add","1","2016-12-29 13:46:28","2016-12-29 13:46:28","2");
INSERT INTO ngo_user_account VALUES("3","HLF010005","194","1","100","2016-12-29","100 Rs. -  Mini Unit Commission for volunteer add","1","2016-12-29 13:48:33","2016-12-29 13:48:33","2");
INSERT INTO ngo_user_account VALUES("4","HLF010005","195","1","100","2016-12-29","100 Rs. -  Mini Unit Commission for volunteer add","1","2016-12-29 13:57:02","2016-12-29 13:57:02","2");
INSERT INTO ngo_user_account VALUES("5","HLF010005","196","1","100","2016-12-29","100 Rs. -  Mini Unit Commission for volunteer add","1","2016-12-29 13:59:01","2016-12-29 13:59:01","2");
INSERT INTO ngo_user_account VALUES("6","HLF010005","197","1","100","2016-12-29","100 Rs. -  Mini Unit Commission for volunteer add","1","2016-12-29 14:49:33","2016-12-29 14:49:33","2");
INSERT INTO ngo_user_account VALUES("7","HLF010076","213","1","100","2016-12-30","100 Rs. - DPG Commission for volunteer add","1","2016-12-30 16:30:53","2016-12-30 16:30:53","2");
INSERT INTO ngo_user_account VALUES("8","HLF010005","213","1","100","2016-12-30","100 Rs. -  Mini Unit Commission for volunteer add","1","2016-12-30 16:30:53","2016-12-30 16:30:53","2");
INSERT INTO ngo_user_account VALUES("9","HLF010007","237","1","100","2016-12-30","100 Rs. -  Mini Unit Commission for volunteer add","1","2016-12-30 23:03:09","2016-12-30 23:03:09","2");
INSERT INTO ngo_user_account VALUES("10","HLF010006","245","1","100","2017-01-13","100 Rs. - DPG Commission for volunteer add","1","2017-01-13 11:50:43","2017-01-13 11:50:43","2");
INSERT INTO ngo_user_account VALUES("11","HLF010005","245","1","100","2017-01-13","100 Rs. -  Mini Unit Commission for volunteer add","1","2017-01-13 11:50:43","2017-01-13 11:50:43","2");
INSERT INTO ngo_user_account VALUES("12","HLF010006","246","1","100","2017-01-13","100 Rs. - DPG Commission for volunteer add","1","2017-01-13 11:52:53","2017-01-13 11:52:53","2");
INSERT INTO ngo_user_account VALUES("13","HLF010005","246","1","100","2017-01-13","100 Rs. -  Mini Unit Commission for volunteer add","1","2017-01-13 11:52:53","2017-01-13 11:52:53","2");


DROP TABLE IF EXISTS ngo_user_detail;

CREATE TABLE `ngo_user_detail` (
  `id` int(11) NOT NULL AUTO_INCREMENT,
  `name` varchar(100) NOT NULL,
  `username` varchar(110) NOT NULL,
  `old_username` varchar(20) NOT NULL,
  `father` varchar(110) NOT NULL,
  `name_title` varchar(100) NOT NULL,
  `father_title` varchar(100) NOT NULL,
  `gender` varchar(100) NOT NULL,
  `age` varchar(100) NOT NULL,
  `dob` date NOT NULL,
  `bank_branch` varchar(100) NOT NULL,
  `pincode` varchar(100) NOT NULL,
  `district` varchar(100) NOT NULL,
  `parents` text NOT NULL,
  `nominee` varchar(100) NOT NULL,
  `nominee_relation` varchar(100) NOT NULL,
  `nominee_title` varchar(100) NOT NULL,
  `nominee_address` text NOT NULL,
  `bank_name` varchar(100) NOT NULL,
  `account_holder` varchar(100) NOT NULL,
  `pan` varchar(20) NOT NULL,
  `mobile` varchar(20) NOT NULL,
  `email` varchar(100) NOT NULL,
  `address` text NOT NULL,
  `bank_account` varchar(100) NOT NULL,
  `bank_ifsc` varchar(100) NOT NULL,
  `user_type` int(11) NOT NULL,
  `amount` varchar(10) NOT NULL,
  `sponsor_id` varchar(100) NOT NULL,
  `sponsor_name` varchar(100) NOT NULL,
  `image` text NOT NULL,
  `status` enum('-1','0','1','2') NOT NULL,
  `added_by` varchar(20) NOT NULL,
  `added_on` datetime NOT NULL,
  `modify_on` timestamp NOT NULL DEFAULT CURRENT_TIMESTAMP,
  `modify_by` int(11) NOT NULL,
  PRIMARY KEY (`id`),
  UNIQUE KEY `id` (`id`),
  UNIQUE KEY `username` (`username`)
) ENGINE=MyISAM AUTO_INCREMENT=249 DEFAULT CHARSET=latin1;

INSERT INTO ngo_user_detail VALUES("1","Super Admin","super_admin","super_admin","HLF","Mr.","Mr.","","0","2016-11-01","","842003","MUZAFFARPUR","","SMFS","","Mr.","","","Super Admin","","9798463202","foundationhelplife@gmail.com","","","","2","0","HLF000001","super admin","1698724809screenshot_2016-12-24-08-42-23.png","1","super_admin","0000-00-00 00:00:00","2016-12-24 08:44:20","0");
INSERT INTO ngo_user_detail VALUES("2","HEAD UNIT","HLF000001","administrator","Administrator","Mr.","Mr.","","1","2015-09-17","KOLHUA DADAR","842003","","super_admin,","Admin","","Mr.","","BOB","HEAD UNIT","","7091197430","foundationhelplife@gmail.com","1ST FLOOR RANJAN COMPLEX, NEAR BAIRIYA BUS STAND, MUZAFFARPUR","50880200000077","","2","0","super_admin","Super Admin","1953745112amar11.jpg","1","HLF000001","2016-11-02 20:44:03","2016-11-21 19:09:27","1");
INSERT INTO ngo_user_detail VALUES("122","BIBHU MANGAL","HLF010012","BM258","BIRENDRA KUMAR","Mr.","Mr.","","22","1994-04-14","","0","SAMASTIPUR","HLF010007,hlf010002,HLF000001,super_admin,","BIRENDRA KUMAR","Father","Mr.","DO","","BIBHU MANGAL","","9905294024","foundationhelplife@gmail.com","VILL+PO-PATAILI, PS-UJIYARPUR, DIST-SAMASTIPUR","","","4","0","HLF010007","RAVINDRA KUMAR","1846095966screenshot_2016-12-24-08-20-19.png","1","super_admin","2016-12-21 12:28:30","2016-12-24 08:17:44","1");
INSERT INTO ngo_user_detail VALUES("121","MITHLESH KUMAR","HLF010011","HLF7440","LATE- DEVENDRA SINGH","Mr.","Mr.","M","31","1985-03-01","","0","MUZAFFARPUR","HLF010007,hlf010002,HLF000001,super_admin,","LATE- DEVENDRA SINGH","Father","Mr.","DO","","MITHLESH KUMAR","","7654576869","foundationhelplife@gmail.com","SUJAWALPUR, DHOLI, MUZAFFARPUR","","","4","0","HLF010007","RAVINDRA KUMAR","","1","super_admin","2016-12-21 12:23:06","2016-12-21 12:23:06","1");
INSERT INTO ngo_user_detail VALUES("120","RITA SHARMA","HLF010010","SMFS357001","JANARDHAN CHAUDHARY","Mrs.","Mr.","F","39","1977-06-25","","0","SONEBHADRA","HLF010009,HLF010002,HLF000001,super_admin,","AMIT SHARMA","Son","Mr.","DO","","RITA SHARMA","","9628252511","foundationhelplife@gmail.com","VILL+PO-RENUKUT, PS-PIPRI, DIST-SONEBHANDRA","","","4","0","HLF010009","MANOJ SHARMA","","1","super_admin","2016-12-21 12:13:16","2016-12-21 12:13:16","1");
INSERT INTO ngo_user_detail VALUES("119","MANOJ SHARMA","HLF010009","SMFS858036","SHRI RAM EKBAL SHARMA","Mr.","Mr.","","42","1974-05-21","","0","MUZAFFARPUR","HLF010002,HLF000001,super_admin,","KUMARI BABY","Wife","Miss.","DO","ABC","MANOJ SHARMA","","9939195269","foundationhelplife@gmail.com","VILL-HARPUR KRISHNA, PO-SIHO, PS-SAKRA, DIST-MUZAFFARPUR","","","3","0","HLF010002","RAVINDRA KUMAR","1684183903screenshot_2016-12-24-04-37-55.png","1","super_admin","2016-12-21 11:59:56","2016-12-24 04:36:09","1");
INSERT INTO ngo_user_detail VALUES("118","GITA SINHA","HLF010008","SMFS339989","LAXMI MAHTO","Miss.","Mr.","","28","1988-10-10","","843312","MUZAFFARPUR","HLF010007,hlf010002,HLF000001,super_admin,","AYUSH KUMAR","Son","Mr.","DO","","GITA SINHA","","7765881894","ravindra51493@yahoo.com","VILL-KHURIAHI, PO-RAJKHAND, PS-AURAI,DIST-MUZAFFARPUR","","","4","0","HLF010007","RAVINDRA KUMAR","1366086764img-20161224-wa0047.jpg","1","super_admin","2016-12-15 14:45:25","2016-12-24 10:24:37","1");
INSERT INTO ngo_user_detail VALUES("117","RAVINDRA KUMAR","HLF010007","HLF7435","RN MAHTO","Mr.","Mr.","","31","1985-01-01","","843115","MUZAFFARPUR","hlf010002,HLF000001,super_admin,","ANSHU KUMARI","Wife","Miss.","DO","","RAVINDRA KUMAR","","7091011216","ravindra51493@yahoo.com","VILL+PO-SIMRA, PS-PIAR, DIST-MUZAFFARPUR","","","3","0","hlf010002","RAVINDRA KUMAR","10429469211020481045smfs628942.jpg","1","super_admin","2016-12-15 14:39:43","2016-12-17 18:14:48","1");
INSERT INTO ngo_user_detail VALUES("116","DEEPAK KUMAR","HLF010006","SMFS603460","NARAYAN GOSAI","Mr.","Mr.","","25","1991-02-04","","843314","SITAMARHI","HLF010005,HLF010004,HLF000001,super_admin,","KANCHAN KUMARI","Wife","Miss.","DO","","DEEPAK KUMAR","","7352653288","foundationhelplife@gmail.com","VILL-BAKHARI, PO+PS-BAJPATTI, DIST-SITAMARHI","","","4","0","HLF010005","SUDHIR KUMAR","636133826smfs603460.jpg","1","super_admin","2016-12-15 13:27:44","2016-12-15 13:45:03","2");
INSERT INTO ngo_user_detail VALUES("115","SUDHIR KUMAR","HLF010005","HLF7436","CHANDESHWAR DAS","Mr.","Mr.","M","25","1991-03-10","","843314","SITAMARHI","HLF010004,HLF000001,super_admin,","MANITA KUMARI","Wife","Miss.","DO","","SUDHIR KUMAR","","9534920055","sudhikumar1991@gmail.com","VILL-BAKHARI BAJPATTI, PO+PS-BAJPATTI, DIST-SITAMARHI-843314","","","3","0","HLF010004","RAUSHAN KUMAR","955696637smfs628695.jpg","1","HLF000001","2016-12-15 13:20:10","2016-12-15 13:20:10","2");
INSERT INTO ngo_user_detail VALUES("114","RAUSHAN KUMAR","HLF010004","HLF7433","SONDHARI MAHTO","Mr.","Mr.","","28","1988-02-10","","847303","DARBHANGA","HLF000001,super_admin,","JULI DEVI","Wife","Miss.","DO","","RAUSHAN KUMAR","","7091197433","foundationhelplife@gmail.com","VILL-JOGIYARA, POST+PS-JALE, DIST-DARBHANGA","","","2","0","HLF000001","HEAD UNIT","1763761134img_20161224_044847.jpg","1","super_admin","2016-12-15 13:11:37","2016-12-24 04:48:14","2");
INSERT INTO ngo_user_detail VALUES("113","Shankar Kumar roy","HLF010003","HLF7431","Mishrilal roy","Mr.","Mr.","","30","1986-08-05","","846003","DARBHANGA","HLF000001,super_admin,","Arpna roy","Wife","Miss.","Do","","Shankar Kumar roy","","9576616933","royautomobilesdbg@gmail.com","Benta chawk vip road laheriya sarai DARBHANGA","","","2","0","HLF000001","HEAD UNIT","1029662065screenshot_2016-12-24-08-15-54.png","1","super_admin","2016-12-07 15:16:04","2016-12-24 08:13:27","2");
INSERT INTO ngo_user_detail VALUES("112","RAVINDRA KUMAR","HLF010002","HLF7435","R.N.MAHTO","Mr.","Mr.","","31","1985-01-01","SKMCH MUZAFFARPUR","843115","MUZAFFARPUR","HLF000001,super_admin,","ANSHU KUMARI","WIFE","Mr.","DO","STAT BANK OF INDIA","RAVINDRA KUMAR","AXJPK1664J","7091197435","RAVIR8913@GMAIL.COM","VILL-SIMRA NARAYANPUR, POST-SHRI KANT, PS-PIAR, DIST-MUZAFFARPUR","20072704254","SBIN0010082","2","0","HLF000001","HEAD UNIT","833317009ravindra-ji-.jpg","1","super_admin","2016-12-04 15:16:17","2016-12-24 04:11:14","1");
INSERT INTO ngo_user_detail VALUES("123","SADHNA KUMARI","HLF010013","SMFS65441","AJAY KUMAR JHA","Miss.","Mr.","F","32","1984-01-01","","848134","SAMASTIPUR","HLF010012,HLF010007,hlf010002,HLF000001,super_admin,","AJAY KUMAR JHA","HUSBAND","Mr.","DO","","SADHNA KUMARI","","8582003095","foundationhelplife@gmail.com","VILL-SUPAUL, PO-DADHIA ASADHAR, PS-SAMASTIPUR, DIST-SAMASTIPUR-848134","","","6","0","HLF010012","BIBHU MANGAL","","1","super_admin","2016-12-21 12:48:06","2016-12-21 12:48:06","1");
INSERT INTO ngo_user_detail VALUES("124","ANUP PODDAR","HLF010014","SMFS338073","KISHANLAL PODDAR","Mrs.","Mr.","","36","1980-01-22","","848134","SAMASTIPUR","HLF010012,HLF010007,hlf010002,HLF000001,super_admin,","KISHANLAL PODDAR","HUSBAND","Mr.","DO","","ANUP PODDAR","","8409051586","foundationhelplife@gmail.com","VILL+PO-DUDHPURA, PS+DIST-SAMASTIPUR","","","6","0","HLF010013","SADHNA KUMARI","","1","HLF000001","2016-12-21 12:57:24","2016-12-23 15:00:37","1");
INSERT INTO ngo_user_detail VALUES("125","DINESH KUMAR","HLF010015","SMFS431004","UPENDRA THAKUR","Mr.","Mr.","M","27","1989-07-05","","0","SAMASTIPUR","HLF010011,HLF010007,hlf010002,HLF000001,super_admin,","UPENDRA THAKUR","Father","Mr.","DO","","DINESH KUMAR","","9631066142","foundationhelplife@gmail.com","VILL-BALHA, PO-MANSURCHAK, PS-BIBHUTIPUR, DIST-SAMASTIPUR","","","6","0","HLF010011","MITHLESH KUMAR","","1","super_admin","2016-12-21 13:02:48","2016-12-21 13:02:48","1");
INSERT INTO ngo_user_detail VALUES("126","AKHILESH KR. AKELA","HLF010016","SMFS843467","CHULHAI RAY","Mr.","Mr.","M","36","1980-05-10","","845406","EAST CHAMPARAN","HLF000001,super_admin,","CHULHAI RAY","Father","Mr.","DO","","AKHILESH KR. AKELA","","9934836061","foundationhelplife@gmail.com","VILL+PO+PS-RAJEPUR, DIST-EAST CHAMPARAN- 845406","","","2","0","HLF000001","HEAD UNIT","","1","super_admin","2016-12-21 13:08:24","2016-12-21 13:08:24","1");
INSERT INTO ngo_user_detail VALUES("127","PANKAJ KUNWAR","HLF010017","SMFS575772","GOPAL KUNWAR","Mr.","Mr.","M","40","1976-01-01","","847107","MUZAFFARPUR","HLF010016,HLF000001,super_admin,","RUBI KUMARI","Wife","Miss.","DO","","PANKAJ KUNWAR","","9572359363","foundationhelplife@gmail.com","VILL+PO-KEOTSA, PS-GAYGHAT, DIST-MUZAFFARPUR-847107","","","7","0","HLF010016","AKHILESH KR. AKELA","","1","super_admin","2016-12-21 13:28:03","2016-12-21 13:28:03","1");
INSERT INTO ngo_user_detail VALUES("128","SULOCHNA KUMARI","HLF010018","SMFS851945","ANIL RAY","Miss.","Mr.","M","23","1993-03-06","","847107","MUZAFFARPUR","HLF010017,HLF010016,HLF000001,super_admin,","ANIL RAY","HUSBAND","Mr.","DO","","SULOCHNA KUMARI","","7070212152","foundationhelplife@gmail.com","VILL-BHAGTGAMA, PO-BHALOR, PS-GAYGHAT, DIST-MUZAFFARPUR-847107","","","8","0","HLF010017","PANKAJ KUNWAR","","1","super_admin","2016-12-21 13:34:26","2016-12-21 13:34:26","1");
INSERT INTO ngo_user_detail VALUES("129","DEEPAK KUMAR MISHRA","HLF010019","SMFS501545","LATE- SHIV KUMAR MISHRA","Mr.","Mr.","M","51","1965-01-01","","0","SAMASTIPUR","HLF010013,HLF010012,HLF010007,hlf010002,HLF000001,super_admin,","LATE- SHIV KUMAR MISHRA","Father","Mr.","DO","","DEEPAK KUMAR MISHRA","","8757270419","foundationhelplife@gmail.com","NIRPUR, NIRPUR, SAMASTIPUR","","","7","0","HLF010013","SADHNA KUMARI","","1","HLF000001","2016-12-26 13:17:57","2016-12-26 13:17:57","2");
INSERT INTO ngo_user_detail VALUES("130","MINU DEVI","HLF010020","smfs347881","UMESH KR. MISHRA","Mrs.","Mr.","F","39","1977-01-02","","0","SAMASTIPUR","HLF010013,HLF010012,HLF010007,hlf010002,HLF000001,super_admin,","UMESH KR. MISHRA","HUSBAND","Mr.","DO","","MINU DEVI","","8294666577","foundationhelplife@gmail.com","VILL-BALBHADRAPUR,DUDHPURA,","","","7","0","HLF010013","SADHNA KUMARI","","1","HLF000001","2016-12-26 13:31:22","2016-12-26 13:31:22","2");
INSERT INTO ngo_user_detail VALUES("131","ANITA DEVI","HLF010021","SMFS579134","FAGUNI SINGH","Mrs.","Mr.","F","33","1970-01-01","","0","SAMASTIPUR","HLF010013,HLF010012,HLF010007,hlf010002,HLF000001,super_admin,","FAGUNI SINGH","HUSBAND","Mr.","DO","","ANITA DEVI","","7631624909","foundationhelplife@gmail.com","VILL-KORBADHA PATAILI","","","7","0","HLF010013","SADHNA KUMARI","","1","HLF000001","2016-12-26 13:35:55","2016-12-26 13:35:55","2");
INSERT INTO ngo_user_detail VALUES("132","KRISHANALAL PODDAR","HLF010022","SMFS163370","LATE- MANGALALAL PODDAR","Mr.","Mr.","M","39","1970-01-01","","0","SAMASTIPUR","HLF010014,HLF010012,HLF010007,hlf010002,HLF000001,super_admin,","ANUP PODDAR","Wife","Mrs.","DO","","KRISHANALAL PODDAR","","8084753027","foundationhelplife@gmail.com","VILL+PO-DUDHPURA, PS+DIST-SAMASTIPUR","","","7","0","HLF010014","ANUP PODDAR","","1","HLF000001","2016-12-26 13:39:16","2016-12-26 13:39:16","2");
INSERT INTO ngo_user_detail VALUES("133","SUSHILA DEVI","HLF010023","SMFS452841","RAJENDRA SINGH","Mrs.","Mr.","F","36","1980-01-01","","0","SAMASTIPUR","HLF010013,HLF010012,HLF010007,hlf010002,HLF000001,super_admin,","RAJENDRA SINGH","HUSBAND","Mr.","DO","","SUSHILA DEVI","","9931154308","foundationhelplife@gmail.com","VILL- KORBADHA PATAILI","","","8","0","HLF010013","SADHNA KUMARI","","1","HLF000001","2016-12-26 13:41:30","2016-12-26 13:41:30","2");
INSERT INTO ngo_user_detail VALUES("134","NIRU RAY","HLF010024","SMFS430017","MANOJ RAY","Mrs.","Mr.","","46","1970-01-01","","0","SAMASTIPUR","HLF010014,HLF010012,HLF010007,hlf010002,HLF000001,super_admin,","MANISH KUMAR","Son","Mr.","DO","","NIRU RAY","","9771222967","foundationhelplife@gmail.com","VILL-NEEM GALI, PO-MAGARDAHI CHOWK, DIST-SAMASTIPUR","","","7","0","HLF010014","ANUP PODDAR","","1","HLF000001","2016-12-26 13:44:20","2016-12-26 14:46:14","2");
INSERT INTO ngo_user_detail VALUES("135","SHOBHA KUMARI","HLF010025","SMFS506519","PARMANAND SINGH","Mrs.","Mr.","F","40","1970-01-01","","0","SAMASTIPUR","HLF010013,HLF010012,HLF010007,hlf010002,HLF000001,super_admin,","PARMANAND SINGH","HUSBAND","Mr.","DO","","SHOBHA KUMARI","","9709797710","foundationhelplife@gmail.com","VILL-KORBADHA PATAILI","","","7","0","HLF010013","SADHNA KUMARI","","1","HLF000001","2016-12-26 13:46:04","2016-12-26 13:46:04","2");
INSERT INTO ngo_user_detail VALUES("136","VIMAL KUMARI","HLF010026","SMFS259677","RAMDULAR SINGH","Mrs.","Mr.","F","40","1976-09-03","","0","SAMASTIPUR","HLF010013,HLF010012,HLF010007,hlf010002,HLF000001,super_admin,","RAMDULAR SINGH","HUSBAND","Mr.","DO","","VIMAL KUMARI","","9570494115","foundationhelplife@gmail.com","VILL-SURAJPUR,PO+PS-UJIYARPUR","","","7","0","HLF010013","SADHNA KUMARI","","1","HLF000001","2016-12-26 13:50:06","2016-12-26 13:50:06","2");
INSERT INTO ngo_user_detail VALUES("137","SANGEETA KUMARI","HLF010027","SMFS412782","NATHUNI RAM","Mrs.","Mr.","F","20","1996-07-11","","0","SAMASTIPUR","HLF010013,HLF010012,HLF010007,hlf010002,HLF000001,super_admin,","NATHUNI RAM","HUSBAND","Mr.","DO","","SANGEETA KUMARI","","9939896157","foundationhelplife@gmail.com","VILL- HASAULI,PO-PATAILI","","","7","0","HLF010013","SADHNA KUMARI","","1","HLF000001","2016-12-26 13:57:51","2016-12-26 13:57:51","2");
INSERT INTO ngo_user_detail VALUES("138","AJAY KR. JHA","HLF010028","SMFS8311165","VISHWANATH JHA","Mr.","Mr.","M","38","1978-01-01","","843133","SAMASTIPUR","HLF010013,HLF010012,HLF010007,hlf010002,HLF000001,super_admin,","SADHNA JHA","Wife","Mrs.","DO","","AJAY KR. JHA","","7352000727","foundationhelplife@gmail.com","VILL- SUPAUL REWARI","","","7","0","HLF010013","SADHNA KUMARI","","1","HLF000001","2016-12-26 14:03:15","2016-12-26 14:03:15","2");
INSERT INTO ngo_user_detail VALUES("139","RAMVRIKSH MAHATO","HLF010029","SMFS743923","DOMI MAHATO","Mr.","Mr.","M","40","1976-01-01","","848210","SAMASTIPUR","HLF010013,HLF010012,HLF010007,hlf010002,HLF000001,super_admin,","DOMI MAHATO","Father","Mr.","DO","","RAMVRIKSH MAHATO","","8877101534","foundationhelplife@gmail.com","VILL-JAHAGIRPUR ROSRA","","","7","0","HLF010013","SADHNA KUMARI","","1","HLF000001","2016-12-26 14:46:34","2016-12-26 14:46:34","2");
INSERT INTO ngo_user_detail VALUES("140","SOBHA DEVI","HLF010030","SMFS847208","HARI OM SAH","Mrs.","Mr.","F","22","1994-01-02","","848101","SAMASTIPUR","HLF010014,HLF010012,HLF010007,hlf010002,HLF000001,super_admin,","HARI OM SAH","HUSBAND","Mr.","DO","","SOBHA DEVI","","8228892747","foundationhelplife@gmail.com","VILL-DUDHPURA, PO+PS+DIST-SAMASTIPUR-848101","","","7","0","HLF010014","ANUP PODDAR","","1","HLF000001","2016-12-26 14:55:53","2016-12-26 14:55:53","2");
INSERT INTO ngo_user_detail VALUES("141","NUTAN DEVI","HLF010031","SMFS900247","CHANDRABHAN PD. SINGH","Mrs.","Mr.","F","33","1983-01-07","","848101","SAMASTIPUR","HLF010014,HLF010012,HLF010007,hlf010002,HLF000001,super_admin,","ANKIT CHANDRA","Son","Mr.","DO","","NUTAN DEVI","","9708699482","foundationhelplife@gmail.com","VILL-DUDHPURA, DIST-SAMASTIPUR","","","8","0","HLF010014","ANUP PODDAR","","1","HLF000001","2016-12-26 15:05:25","2016-12-26 15:05:25","2");
INSERT INTO ngo_user_detail VALUES("142","MONIKA DEVI","HLF010032","SMFS941718","MANISH KUMAR","Mrs.","Mr.","M","23","1993-11-08","","848101","SAMASTIPUR","HLF010014,HLF010012,HLF010007,hlf010002,HLF000001,super_admin,","MANISH KUMAR","HUSBAND","Mr.","DO","","MONIKA DEVI","","7544541539","foundationhelplife@gmail.com","VILL-DUDHPURA, PO-RAMPUR DUDHPURA, DIST-SAMASTIPUR","","","8","0","HLF010014","ANUP PODDAR","","1","HLF000001","2016-12-27 12:04:03","2016-12-27 12:04:03","2");
INSERT INTO ngo_user_detail VALUES("143","ASHA DEVI","HLF010033","SMFS106437","HARINANDAN SAH","Mrs.","Mr.","F","36","1980-01-01","","848101","SAMASTIPUR","HLF010014,HLF010012,HLF010007,hlf010002,HLF000001,super_admin,","HARINANDAN SAH","HUSBAND","Mr.","DO","","ASHA DEVI","","7079136778","foundationhelplife@gmail.com","VILL-DUDHPURA, DIST-SAMASTIPUR","","","8","0","HLF010014","ANUP PODDAR","","1","HLF000001","2016-12-27 12:14:26","2016-12-27 12:14:26","2");
INSERT INTO ngo_user_detail VALUES("144","ROUSHAN KR. SHARMA","HLF010034","SMFS825092","SHRAVAN SHARMA","Mr.","Mr.","M","19","1970-01-01","","848101","SAMASTIPUR","HLF010014,HLF010012,HLF010007,hlf010002,HLF000001,super_admin,","SUDHA DEVI","Mother","Mr.","DO","","ROUSHAN KR. SHARMA","","8877376534","foundationhelplife@gmail.com","VILL+PO-SAMBHUPATTI, PS+DIST-SAMASTIPUR","","","7","0","HLF010014","ANUP PODDAR","","1","HLF000001","2016-12-27 12:18:52","2016-12-27 12:18:52","2");
INSERT INTO ngo_user_detail VALUES("145","BABY KUMARI","HLF010035","SMFS284015","SAJJAN DAS","Miss.","Mr.","F","21","1970-01-01","","848101","SAMASTIPUR","HLF010014,HLF010012,HLF010007,hlf010002,HLF000001,super_admin,","SUDAMA DEVI","Mother","Mr.","DO","","BABY KUMARI","","995578065","foundationhelplife@gmail.com","DUDHPURA, SAMASTIPUR","","","8","0","HLF010014","ANUP PODDAR","","1","HLF000001","2016-12-27 12:29:58","2016-12-27 12:29:58","2");
INSERT INTO ngo_user_detail VALUES("146","SARITA KUMARI","HLF010036","SMFS722181","HEMANT KR. SRIVASTAV","Miss.","Mr.","F","42","1974-01-01","","0","SAMASTIPUR","HLF010014,HLF010012,HLF010007,hlf010002,HLF000001,super_admin,","HEMANT KR. SRIVASTAV","HUSBAND","Mr.","DO","","SARITA KUMARI","","7276058754","foundationhelplife@gmail.com","VILL-TAJPUR ROAD DHARAMPUR, DIST-SAMASTIPUR","","","8","0","HLF010014","ANUP PODDAR","","1","HLF000001","2016-12-27 13:54:18","2016-12-27 13:54:18","2");
INSERT INTO ngo_user_detail VALUES("147","REKHA DEVI","HLF010037","SMFS969712","VILAT PASWAN","Mrs.","Mr.","F","36","1980-01-01","","843114","VAISHALI","HLF010014,HLF010012,HLF010007,hlf010002,HLF000001,super_admin,","VILAT PASWAN","HUSBAND","Mr.","DO","","REKHA DEVI","","8521217026","foundationhelplife@gmail.com","VILL+PO-AJIJPUR CHANDE, PS-PATEPUR, DIST-VAISHALI","","","8","0","HLF010014","ANUP PODDAR","","1","HLF000001","2016-12-27 13:57:35","2016-12-27 13:57:35","2");
INSERT INTO ngo_user_detail VALUES("148","PRABHU KR. SUMAN","HLF010038","SMFS832563","ARJUN PRASAD","Mr.","Mr.","M","32","1970-01-01","","848302","SAMASTIPUR","HLF010014,HLF010012,HLF010007,hlf010002,HLF000001,super_admin,","RIMA DEVI","Wife","Mrs.","DO","","PRABHU KR. SUMAN","","9939517548","foundationhelplife@gmail.com","VILL-MILKI, PO-LADAURA DARGAH, PS-KALYANPUR, DIST-SAMASTIPUR","","","8","0","HLF010014","ANUP PODDAR","","1","HLF000001","2016-12-27 14:00:43","2016-12-27 14:00:43","2");
INSERT INTO ngo_user_detail VALUES("149","GURIYA DEVI","HLF010039","SMFS404695","SUJIT MAHTO","Mrs.","Mr.","F","27","1989-01-02","","848302","SAMASTIPUR","HLF010014,HLF010012,HLF010007,hlf010002,HLF000001,super_admin,","SUJIT MAHTO","HUSBAND","Mr.","DO","","GURIYA DEVI","","7544841539","foundationhelplife@gmail.com","VILL+PO-SRINATH PURAN, PS-KALYANPUR, DIST-SAMASTIPUR","","","8","0","HLF010014","ANUP PODDAR","","1","HLF000001","2016-12-27 14:03:51","2016-12-27 14:03:51","2");
INSERT INTO ngo_user_detail VALUES("150","JYOTI DEVI","HLF010040","SMFS821387","SANJEEV KUMAR","Mrs.","Mr.","F","36","1980-07-09","","851112","BEGUSARAI","HLF010024,HLF010014,HLF010012,HLF010007,hlf010002,HLF000001,super_admin,","SANJEEV KUMAR","HUSBAND","Mr.","DO","","JYOTI DEVI","","8540066071","foundationhelplife@gmail.com","VILL-SOKHARA, PO-BARAUNI, DIST-BEGUSARAI","","","7","0","HLF010024","NIRU RAY","","1","HLF000001","2016-12-27 14:17:53","2016-12-27 14:17:53","2");
INSERT INTO ngo_user_detail VALUES("151","RAMBHA DEVI","HLF010041","SMFS995052","SHIV NARAYAN SAH","Mrs.","Mr.","M","34","1982-01-01","","848101","SAMASTIPUR","HLF010024,HLF010014,HLF010012,HLF010007,hlf010002,HLF000001,super_admin,","SHIV NARAYAN SAH","HUSBAND","Mr.","DO","","RAMBHA DEVI","","8540044017","foundationhelplife@gmail.com","VILL-GANDHI GALI RAM BABU CHOWK, PS+DIST-SAMASTIPUR","","","7","0","HLF010024","NIRU RAY","","1","HLF000001","2016-12-27 14:23:57","2016-12-27 14:23:57","2");
INSERT INTO ngo_user_detail VALUES("152","CHAMPA DEVI","HLF010042","SMFS994340","SANTOSH GUPTA","Mrs.","Mr.","F","37","1979-01-01","","0","BEGUSARAI","HLF010040,HLF010024,HLF010014,HLF010012,HLF010007,hlf010002,HLF000001,super_admin,","SANTOSH GUPTA","HUSBAND","Mr.","DO","","CHAMPA DEVI","","9709420292","foundationhelplife@gmail.com","VILL-SHOKAHARA, PO-BARAUNI, PS-FULBARIYA, DIST-BEGUSARAI","","","8","0","HLF010040","JYOTI DEVI","","1","HLF000001","2016-12-27 14:30:14","2016-12-27 14:30:14","2");
INSERT INTO ngo_user_detail VALUES("153","MD. EHSAN","HLF010043","SMFS789131","MD. JAINUL","Mr.","Mr.","M","20","1970-01-01","","0","SAMASTIPUR","HLF010030,HLF010014,HLF010012,HLF010007,hlf010002,HLF000001,super_admin,","MD. JAINUL","Father","Mr.","DO","","MD. EHSAN","","9534754141","foundationhelplife@gmail.com","VILL-CHAK ASHARAF, PO-NIRPUR, DIST-SAMASTIPUR","","","7","0","HLF010030","SOBHA DEVI","","1","HLF000001","2016-12-27 17:14:58","2016-12-27 17:14:58","2");
INSERT INTO ngo_user_detail VALUES("154","SARMILA KUMARI","HLF010044","SMFS116823","SANTOSH SAH","Mrs.","Mr.","F","23","1970-01-01","","0","DARBHANGA","HLF010003,HLF000001,super_admin,","SANTOSH SAH","HUSBAND","Mr.","DO","","SARMILA KUMARI","","9199369004","foundationhelplife@gmail.com","VILL-BALUGHAT,PO-LALBAG,PS-LALIT NARAYAN,DIST-DARBHANGA","","","6","0","HLF010003","Shankar Kumar roy","","1","HLF000001","2016-12-28 14:05:21","2016-12-28 14:05:21","2");
INSERT INTO ngo_user_detail VALUES("155","GAYATRI DEVI","HLF010045","SMFS429918","MAHESH MAHATO","Mrs.","Mr.","F","41","1975-01-01","","0","DARBHANGA","HLF010044,HLF010003,HLF000001,super_admin,","MAHESH MAHATO","HUSBAND","Mr.","DO","","GAYATRI DEVI","","7739259613","foundationhelplife@gmail.com","VILL-KABIR CHOWK TELI POSANAPURA","","","7","0","HLF010044","SARMILA KUMARI","","1","HLF000001","2016-12-28 14:13:39","2016-12-28 14:13:39","2");
INSERT INTO ngo_user_detail VALUES("156","SONI PRIYADARSHANI DEVI","HLF010046","SMFS627149","KRISHNA KR. SINGH","Mrs.","Mr.","F","39","1977-02-01","","0","SAMASTIPUR","HLF010021,HLF010013,HLF010012,HLF010007,hlf010002,HLF000001,super_admin,","KRISHNA KR. SINGH","HUSBAND","Mr.","DO","","SONI PRIYADARSHANI DEVI","","8294586341","foundationhelplife@gmail.com","VILL-SURAJPUR, PO-UJIYARPUR, DIST-SAMASTIPUR","","","7","0","HLF010021","ANITA DEVI","","1","HLF000001","2016-12-28 14:15:28","2016-12-28 14:15:28","2");
INSERT INTO ngo_user_detail VALUES("157","RINKI KUMARI","HLF010047","SMFS874775","CHHOTU PASWAN","Miss.","Mr.","F","29","1987-01-01","","0","SAMASTIPUR","HLF010021,HLF010013,HLF010012,HLF010007,hlf010002,HLF000001,super_admin,","CHHOTU PASWAN","HUSBAND","Mr.","DO","","RINKI KUMARI","","7050520153","foundationhelplife@gmail.com","VILL-SURAJPUR, PO+PS-UJIYARPUR, DIST-SAMASTIPUR","","","7","0","HLF010021","ANITA DEVI","","1","HLF000001","2016-12-28 14:34:29","2016-12-28 14:34:29","2");
INSERT INTO ngo_user_detail VALUES("158","NILU DEVI","HLF010048","SMFS957667","SUNIL KR. YADAV","Mrs.","Mr.","F","20","1996-01-01","","0","DARBHANGA","HLF010044,HLF010003,HLF000001,super_admin,","SUNIL KR. YADAV","Father","Mr.","DO","","NILU DEVI","","8527059214","foundationhelplife@gmail.com","VILL-CHAKKA,PO-LALSAHPUUR","","","7","0","HLF010044","SARMILA KUMARI","","1","HLF000001","2016-12-28 14:55:21","2016-12-28 14:55:21","2");
INSERT INTO ngo_user_detail VALUES("159","DHARMENDRA KR. SHARMA","HLF010049","SMFS94509","SHIV NARAYAN SHARMA","Mr.","Mr.","M","27","1970-01-01","","848132","SAMASTIPUR","HLF010021,HLF010013,HLF010012,HLF010007,hlf010002,HLF000001,super_admin,","POOJA KUMARI","Wife","Mr.","DO","","DHARMENDRA KR. SHARMA","","8877314590","foundationhelplife@gmail.com","VILL+PO-GAWPUR, PS-UJIYARPUR, DIST-SAMASTIPUR","","","7","0","HLF010021","ANITA DEVI","","1","HLF000001","2016-12-28 14:59:04","2016-12-28 14:59:04","2");
INSERT INTO ngo_user_detail VALUES("160","ARTI KUMARI","HLF010050","SMFS147962","SHAMBHU YADAV","Mrs.","Mr.","F","38","1978-09-12","","0","DARBHANGA","HLF010044,HLF010003,HLF000001,super_admin,","SHAMBHU YADAV","HUSBAND","Mr.","DO","","ARTI KUMARI","","9006089788","foundationhelplife@gmail.com","VILL-MEGHA,PO-KOJALA","","","7","0","HLF010044","SARMILA KUMARI","","1","HLF000001","2016-12-28 14:59:39","2016-12-28 14:59:39","2");
INSERT INTO ngo_user_detail VALUES("161","RANJEET KUMAR","HLF010051","SMFS654308","LATE- MOHAN SINGH","Mr.","Mr.","M","19","1970-01-01","","848132","SAMASTIPUR","HLF010021,HLF010013,HLF010012,HLF010007,hlf010002,HLF000001,super_admin,","MOHAN SINGH","Father","Mr.","DO","","RANJEET KUMAR","","8797927124","foundationhelplife@gmail.com","VILL+PO-GOWPUR, DIST-SAMASTIPUR","","","7","0","HLF010021","ANITA DEVI","","1","HLF000001","2016-12-28 15:02:51","2016-12-28 15:02:51","2");
INSERT INTO ngo_user_detail VALUES("162","SHANKAR SAHANI","HLF010052","SMFS442050","LATE-RAM BHAJAN SAHANI","Mr.","Mr.","M","35","1981-01-01","","0","DARBHANGA","HLF010044,HLF010003,HLF000001,super_admin,","LATE-RAM BHAJAN SAHANI","Father","Mr.","DO","","SHANKAR SAHANI","","7654146189","foundationhelplife@gmail.com","VILL+PO-LOAM","","","7","0","HLF010044","SARMILA KUMARI","","1","HLF000001","2016-12-28 15:03:33","2016-12-28 15:03:33","2");
INSERT INTO ngo_user_detail VALUES("163","SURENDRA YADAV","HLF010053","SMFS83907","BINDESHWAR YADAV","Mr.","Mr.","M","53","1963-01-01","","0","DARBHANGA","HLF010044,HLF010003,HLF000001,super_admin,","BINDESHWAR YADAV","Father","Mr.","DO","","SURENDRA YADAV","","8271741510","foundationhelplife@gmail.com","VILL-GAUSA,PO-GAUSAGHAT","","","7","0","HLF010044","SARMILA KUMARI","","1","HLF000001","2016-12-28 15:08:56","2016-12-28 15:08:56","2");
INSERT INTO ngo_user_detail VALUES("164","SITA KUMARI","HLF010054","SMFS132854","SUNDESHWAR SINGH","Miss.","Mr.","F","28","1970-01-01","","848132","SAMASTIPUR","HLF010021,HLF010013,HLF010012,HLF010007,hlf010002,HLF000001,super_admin,","SUNDESHWAR SINGH","HUSBAND","Mr.","DO","","SITA KUMARI","","8582077793","foundationhelplife@gmail.com","VILL-RAMCHANDRAPUR ANDHAIL, PO-PATAILI, PS-UJIYARPUR, DIST-SAMASTIPUR","","","8","0","HLF010021","ANITA DEVI","","1","HLF000001","2016-12-28 15:10:38","2016-12-28 15:10:38","2");
INSERT INTO ngo_user_detail VALUES("165","GITA DEVI","HLF010055","SMFS485193","HARE KISUN YADAV","Mrs.","Mr.","F","26","1970-01-01","","0","DARBHANGA","HLF010044,HLF010003,HLF000001,super_admin,","HARE KISHUN YADAV","HUSBAND","Mr.","DO","","GITA DEVI","","8507655986","foundationhelplife@gmail.com","VILL-BALUGHAT,PO-LALBAGH","","","7","0","HLF010044","SARMILA KUMARI","","1","HLF000001","2016-12-28 15:19:16","2016-12-28 15:19:16","2");
INSERT INTO ngo_user_detail VALUES("166","DIVYA BHARTI","HLF010056","SMFS788755","SURESH YADAV","Miss.","Mr.","F","18","1998-01-01","","0","DARBHANGA","HLF010044,HLF010003,HLF000001,super_admin,","KAMANI DEVI","Mother","Mrs.","DO","","DIVYA BHARTI","","7562828176","foundationhelplife@gmail.com","VILL+PO-LALSAHPUR","","","7","0","HLF010044","SARMILA KUMARI","","1","HLF000001","2016-12-28 15:23:04","2016-12-28 15:23:04","2");
INSERT INTO ngo_user_detail VALUES("167","RUBI DEVI","HLF010057","SMFS304289","PAWAN KR. CHAUDHARY","Mrs.","Mr.","F","29","1987-02-09","","847115","DARBHANGA","HLF010044,HLF010003,HLF000001,super_admin,","PAWAN KR. CHAUDHARY","Father","Mr.","DO","","RUBI DEVI","","7545072375","foundationhelplife@gmail.com","VILL+PO-LOAM","","","7","0","HLF010044","SARMILA KUMARI","","1","HLF000001","2016-12-28 15:26:17","2016-12-28 15:26:17","2");
INSERT INTO ngo_user_detail VALUES("168","LALITA DEVI","HLF010058","SMFS896318","RAMPRASAD SAH","Mrs.","Mr.","F","33","1983-12-05","","846003","DARBHANGA","HLF010044,HLF010003,HLF000001,super_admin,","RAMPRASAD SAH","HUSBAND","Mr.","DO","","LALITA DEVI","","7464045778","foundationhelplife@gmail.com","VILL+PO-GODHIYARI","","","7","0","HLF010044","SARMILA KUMARI","","1","HLF000001","2016-12-28 15:29:35","2016-12-28 15:29:35","2");
INSERT INTO ngo_user_detail VALUES("169","MEENA DAS","HLF010059","SMFS776166","DINESH DAS","Mrs.","Mr.","F","43","1973-01-01","","848126","SAMASTIPUR","HLF010029,HLF010013,HLF010012,HLF010007,hlf010002,HLF000001,super_admin,","RAMLALIT KUMAR","Son","Mr.","DO","","MEENA DAS","","7631401091","foundationhelplife@gmail.com","VILL+PO-BHIRHA, PS-ROSERA, DIST-SAMASTIPUR","","","7","0","HLF010029","RAMVRIKSH MAHATO","","1","HLF000001","2016-12-28 15:31:49","2016-12-28 15:31:49","2");
INSERT INTO ngo_user_detail VALUES("170","AMIT KR. PURBEY","HLF010060","SMFS966185","BALDEO PURBEY","Mr.","Mr.","M","35","1981-01-01","","847226","MADHUBANI","HLF010044,HLF010003,HLF000001,super_admin,","BALDEO PURBEY","Father","Mr.","DO","","AMIT KR. PURBEY","","7549233537","foundationhelplife@gmail.com","VILL+PO-CHACHARAHA","","","7","0","HLF010044","SARMILA KUMARI","","1","HLF000001","2016-12-28 15:32:53","2016-12-28 15:32:53","2");
INSERT INTO ngo_user_detail VALUES("171","RITA DEVI","HLF010061","SMFS975847","DEVENDRA MAHTO","Mrs.","Mr.","F","23","1970-01-01","","848130","SAMASTIPUR","HLF010029,HLF010013,HLF010012,HLF010007,hlf010002,HLF000001,super_admin,","DEVENDRA MAHTO","HUSBAND","Mr.","DO","","RITA DEVI","","9128030584","foundationhelplife@gmail.com","VILL+PO-RAHIMABAD, PS-BAGRA, DIST-SAMASTIPUR","","","7","0","HLF010029","RAMVRIKSH MAHATO","","1","HLF000001","2016-12-28 15:48:32","2016-12-28 15:48:32","2");
INSERT INTO ngo_user_detail VALUES("172","SUKHSAGAR DEVI","HLF010062","smfs694679","KISHOR PASWAN","Mrs.","Mr.","F","44","1972-05-02","","0","DARBHANGA","HLF010045,HLF010044,HLF010003,HLF000001,super_admin,","KISHOR PASWAN","HUSBAND","Mr.","DO","","SUKHSAGAR DEVI","","9122295030","foundationhelplife@gmail.com","VILL+PO-CHHOTAIPATTI","","","7","0","HLF010045","GAYATRI DEVI","","1","HLF000001","2016-12-28 15:57:50","2016-12-28 15:57:50","2");
INSERT INTO ngo_user_detail VALUES("173","MANISHA KUMARI","HLF010063","SMFS667555","MANOJ SAHNI","Miss.","Mr.","F","22","1970-01-01","","848117","SAMASTIPUR","HLF010061,HLF010029,HLF010013,HLF010012,HLF010007,hlf010002,HLF000001,super_admin,","ARCHANA KUMARI","Mother","Mr.","DO","","MANISHA KUMARI","","7631056699","foundationhelplife@gmail.com","VILL-SALEMPATTI, PO-HANSOPUR, PS-KHANPUR, DIST-SAMASTIPUR","","","7","0","HLF010061","RITA DEVI","","1","HLF000001","2016-12-28 15:58:04","2016-12-28 15:58:04","2");
INSERT INTO ngo_user_detail VALUES("174","SACHIDA NAND CHAUDHARY","HLF010064","SMFS998984","RAM PRAKASH CHUDHARY","Mr.","Mr.","M","34","1982-08-02","","848117","SAMASTIPUR","HLF010061,HLF010029,HLF010013,HLF010012,HLF010007,hlf010002,HLF000001,super_admin,","RAM PRAKASH CHAUDHARY","Father","Mr.","DO","","SACHIDA NAND CHAUDHARY","","0","foundationhelplife@gmail.com","VILL-SIROPATTI, PO-ISLAMNAGAR, PS+DIST-SAMASTIPUR","","","7","0","HLF010061","RITA DEVI","","1","HLF000001","2016-12-28 16:03:52","2016-12-28 16:03:52","2");
INSERT INTO ngo_user_detail VALUES("175","RITA KUMARI","HLF010065","SMFS442688","UPENDRA SAH","Miss.","Mr.","F","32","1984-01-12","","848131","SAMASTIPUR","HLF010061,HLF010029,HLF010013,HLF010012,HLF010007,hlf010002,HLF000001,super_admin,","UPENDRA SAH","Father","Mr.","DO","","RITA KUMARI","","7352828964","foundationhelplife@gmail.com","VILL+PO-RAJWA, PS-BANGRA, DIST-SAMASTIPUR","","","7","0","HLF010061","RITA DEVI","","1","HLF000001","2016-12-28 16:08:30","2016-12-28 16:08:30","2");
INSERT INTO ngo_user_detail VALUES("176","CHANDANI KUMARI","HLF010066","SMFS443933","MAHESH MAHATO","Miss.","Mr.","F","17","1999-10-12","","0","DARBHANGA","HLF010045,HLF010044,HLF010003,HLF000001,super_admin,","GAYATRI DEVI","Mother","Mrs.","DO","","CHANDANI KUMARI","","7739259613","foundationhelplife@gmail.com","VILL+PO-KABIRCHAK","","","7","0","HLF010045","GAYATRI DEVI","","1","HLF000001","2016-12-28 16:14:03","2016-12-28 16:14:03","2");
INSERT INTO ngo_user_detail VALUES("177","KIRAN DEVI","HLF010067","SMFS990854","GOPAL SAHANI","Mrs.","Mr.","F","32","1970-01-01","","0","DARBHANGA","HLF010045,HLF010044,HLF010003,HLF000001,super_admin,","GOPAL SAHANI","HUSBAND","Mr.","DO","","KIRAN DEVI","","7870613646","foundationhelplife@gmail.com","VILL+PO-SHUBHANKAR","","","7","0","HLF010045","GAYATRI DEVI","","1","HLF000001","2016-12-28 16:23:02","2016-12-28 16:23:02","2");
INSERT INTO ngo_user_detail VALUES("178","GITA KUMARI","HLF010068","SMFS550702","SHYAMNANDAN YADAV","Miss.","Mr.","F","28","1970-01-01","","846009","DARBHANGA","HLF010045,HLF010044,HLF010003,HLF000001,super_admin,","SHYAMNANDAN YADAV","HUSBAND","Mr.","DO","","GITA KUMARI","","7808705104","foundationhelplife@gmail.com","VILL-DIVARI,PO-KABARIYA","","","7","0","HLF010045","GAYATRI DEVI","","1","HLF000001","2016-12-28 16:25:59","2016-12-28 16:25:59","2");
INSERT INTO ngo_user_detail VALUES("179","MOHAMMAD RIYAZUDDIN","HLF010069","SMFS260952","MOHAMMAD MIRUDDIN","Mr.","Mr.","M","21","1995-01-01","","846009","DARBHANGA","HLF010045,HLF010044,HLF010003,HLF000001,super_admin,","MOHAMMAD MIRUDDIN","Father","Mr.","DO","","MOHAMMAD RIYAZUDDIN","","9631572506","foundationhelplife@gmail.com","VILL-KATHRIYA POKHAR","","","7","0","HLF010045","GAYATRI DEVI","","1","HLF000001","2016-12-29 10:33:45","2016-12-29 10:33:45","2");
INSERT INTO ngo_user_detail VALUES("180","MEERA DEVI","HLF010070","SMFS140307","BINOD RAY","Mrs.","Mr.","F","33","1983-04-06","","846005","DARBHANGA","HLF010055,HLF010044,HLF010003,HLF000001,super_admin,","BINOD RAY","HUSBAND","Mr.","DO","","MEERA DEVI","","8862927817","foundationhelplife@gmail.com","VILL-SIMRA,PO-LALSAHPUR","","","7","0","HLF010055","GITA DEVI","","1","HLF000001","2016-12-29 10:43:34","2016-12-29 10:43:34","2");
INSERT INTO ngo_user_detail VALUES("181","SARITA PURBEY","HLF010071","SMFS504222","AMIT KR. PURBEY","Mrs.","Mr.","F","27","1989-12-04","","847226","DARBHANGA","HLF010060,HLF010044,HLF010003,HLF000001,super_admin,","AMIT KR. PURBEY","HUSBAND","Mr.","DO","","SARITA PURBEY","","9709887305","foundationhelplife@gmail.com","VILL+PO-CHACHARAHA","","","7","0","HLF010060","AMIT KR. PURBEY","","1","HLF000001","2016-12-29 10:49:14","2016-12-29 10:49:14","2");
INSERT INTO ngo_user_detail VALUES("182","SAUMARI DEVI","HLF010072","SMFS633847","SURESH YADAV","Mrs.","Mr.","","30","1986-01-01","","0","DARBHANGA","HLF010065,HLF010061,HLF010029,HLF010013,HLF010012,HLF010007,hlf010002,HLF000001,super_admin,","SURESH YADAV","HUSBAND","Mr.","DO","","SAUMARI DEVI","","9546598740","foundationhelplife@gmail.com","VILL-R.A.P MILLS","","","7","0","HLF010066","CHANDANI KUMARI","","1","HLF000001","2016-12-29 11:00:11","2016-12-29 11:11:27","2");
INSERT INTO ngo_user_detail VALUES("183","GURIYA DEVI","HLF010073","SMFS733879","BHARAT BHUSHAN MANDAL","Mrs.","Mr.","F","41","1975-01-01","","846009","DARBHANGA","HLF010066,HLF010045,HLF010044,HLF010003,HLF000001,super_admin,","SHEKHAR KUMAR","Son","Mr.","DO","","GURIYA DEVI","","9708850942","foundationhelplife@gmail.com","VILL-MATHURAPUR","","","7","0","HLF010066","CHANDANI KUMARI","","1","HLF000001","2016-12-29 11:10:21","2016-12-29 11:10:21","2");
INSERT INTO ngo_user_detail VALUES("184","PINKI KUMARI","HLF010074","SMFS450605","RADHE SHYAM YADAV","Miss.","Mr.","F","24","1992-08-08","","846009","DARBHANGA","HLF010068,HLF010045,HLF010044,HLF010003,HLF000001,super_admin,","RADHE SHYAM YADAV","HUSBAND","Mr.","DO","","PINKI KUMARI","","8539841359","foundationhelplife@gmail.com","VILL-DIWARI,PO-KABARIYA","","","7","0","HLF010068","GITA KUMARI","","1","HLF000001","2016-12-29 11:17:04","2016-12-29 11:17:04","2");
INSERT INTO ngo_user_detail VALUES("185","PRASHANT KR. JHA","HLF010075","SMFS977642","RAVINDRA NATH JHA","Mr.","Mr.","M","24","1970-01-01","","0","MADHUBANI","HLF010006,HLF010005,HLF010004,HLF000001,super_admin,","RAVINDRA NATH JHA","Father","Mr.","DO","","PRASHANT KR. JHA","","7781965172","foundationhelplife@gmail.com","VILL+PO-SONAI, PS-SAHARGHAT, DIST-MADHUBANI","","","5","0","HLF010006","DEEPAK KUMAR","","1","HLF000001","2016-12-29 12:30:07","2016-12-29 12:30:07","2");
INSERT INTO ngo_user_detail VALUES("186","SHARAVAN KUMAR","HLF010076","SMFS958387","MOHAN SAH","Mr.","Mr.","M","29","1987-03-02","","843329","SHEOHAR","HLF010005,HLF010004,HLF000001,super_admin,","MOHAN SAH","Father","Mr.","DO","","SHARAVAN KUMAR","","9504987088","foundationhelplife@gmail.com","VILL-MOHAMMADPUR, PO-DUMARI KATSARI, PS-SHYAMPUR BHATHAN, DIST-SHEOHAR","","","4","0","HLF010005","SUDHIR KUMAR","","1","HLF000001","2016-12-29 12:49:32","2016-12-29 12:49:32","2");
INSERT INTO ngo_user_detail VALUES("187","VIDYA DEVI","HLF010077","SMFS717524","SANJAY KR. MISHRA","Mrs.","Mr.","F","35","1981-01-01","","0","SHEOHAR","HLF010076,HLF010005,HLF010004,HLF000001,super_admin,","SANJAY KR. MISHRA","HUSBAND","Mr.","DO","","VIDYA DEVI","","7561901138","foundationhelplife@gmail.com","VILL-BASAHIYA SHEKH, PS-PIPRAHI, DIST-SHEOHAR","","","7","0","HLF010076","SHARAVAN KUMAR","","1","HLF000001","2016-12-29 13:02:28","2016-12-29 13:02:28","2");
INSERT INTO ngo_user_detail VALUES("188","BIPIN BIHARI MANDAL","HLF010078","SMFS531730","SUGANI MANDAL","Mr.","Mr.","M","36","1980-01-01","","0","SHEOHAR","HLF010076,HLF010005,HLF010004,HLF000001,super_admin,","SUGANI MANDAL","Father","Mr.","DO","","BIPIN BIHARI MANDAL","","9576541792","foundationhelplife@gmail.com","VILL-CHAKFATEHA, PO+PS-PURNAHIA, DIST-SHEOHAR","","","8","0","HLF010076","SHARAVAN KUMAR","","1","HLF000001","2016-12-29 13:06:50","2016-12-29 13:06:50","2");
INSERT INTO ngo_user_detail VALUES("189","SANGEETA KUMARI","HLF010079","SMFS740447","MAHADEV MAHTO","Miss.","Mr.","F","16","1970-01-01","","0","SHEOHAR","HLF010076,HLF010005,HLF010004,HLF000001,super_admin,","MAHADEV MAHTO","Father","Mr.","DO","","SANGEETA KUMARI","","9128619772","foundationhelplife@gmail.com","VILL+PO-MINAPUR BALAHA, PS-PIPRAHI, DIST-SHEOHAR","","","7","0","HLF010076","SHARAVAN KUMAR","","1","HLF000001","2016-12-29 13:13:46","2016-12-29 13:13:46","2");
INSERT INTO ngo_user_detail VALUES("190","SUSHMA KUMARI","HLF010080","SMFS293044","YOGENDRA MAHTO","Miss.","Mr.","F","21","1995-01-01","","843325","SHEOHAR","HLF010079,HLF010076,HLF010005,HLF010004,HLF000001,super_admin,","NIRMAL DEVI","Mother","Mrs.","DO","","SUSHMA KUMARI","","8809539746","foundationhelplife@gmail.com","VILL+PO-MINAPUR BALHA, PS-PIPRAHI, DIST-SHEOHAR","","","7","0","HLF010079","SANGEETA KUMARI","","1","HLF000001","2016-12-29 13:18:20","2016-12-29 13:18:20","2");
INSERT INTO ngo_user_detail VALUES("191","MOHAN KUMAR","HLF010081","SMFS416371","SHANKAR RAM","Mr.","Mr.","M","19","1970-01-01","","0","SHEOHAR","HLF010076,HLF010005,HLF010004,HLF000001,super_admin,","SHANKAR RAM","Father","Mr.","DO","","MOHAN KUMAR","","9955069889","foundationhelplife@gmail.com","VILL-KAHTARWA, PO-MATHURAPUR, PS+DIST-SHEOHAR","","","8","0","HLF010076","SHARAVAN KUMAR","","1","HLF000001","2016-12-29 13:31:50","2016-12-29 13:31:50","2");
INSERT INTO ngo_user_detail VALUES("192","PANKAJ KR. JHA","HLF010082","SMFS868053","LATE- JAIMHOD JHA","Mr.","Mr.","M","25","1991-06-09","","843329","SHEOHAR","HLF010076,HLF010005,HLF010004,HLF000001,super_admin,","LATE- JAIMOD JHA","Father","Mr.","DO","","PANKAJ KR. JHA","","8002009131","foundationhelplife@gmail.com","VILL+PO-DUMARI KATSARI, PS-SHYAMPUR BHATHAN, DIST-SHEOHAR","","","8","1000","HLF010076","SHARAVAN KUMAR","","1","HLF000001","2016-12-29 13:43:59","2016-12-29 13:43:59","2");
INSERT INTO ngo_user_detail VALUES("193","ALOK KR. SINGH","HLF010083","SMFS338700","NAND KISHOR SINGH","Mr.","Mr.","M","36","1980-05-15","","843329","SHEOHAR","HLF010076,HLF010005,HLF010004,HLF000001,super_admin,","NAND KISHOR SINGH","Father","Mr.","DO","","ALOK KR. SINGH","","8002669039","foundationhelplife@gmail.com","VILL-GAJIPUR,PO-DUMARI KATSARI, PS-SHYAMPUR BHATHAN, DIST-SHEOHAR","","","6","0","HLF010076","SHARAVAN KUMAR","","1","HLF000001","2016-12-29 13:46:28","2016-12-29 20:45:31","2");
INSERT INTO ngo_user_detail VALUES("194","DOLLY DEVI","HLF010084","SMFS815463","ALOK KR. SINGH","Mrs.","Mr.","F","26","1990-01-01","","843329","SHEOHAR","HLF010076,HLF010005,HLF010004,HLF000001,super_admin,","ALOK KR. SINGH","HUSBAND","Mr.","DO","","DOLLY DEVI","","7250563068","foundationhelplife@gmail.com","VILLGAJIPUR, PO-DUMARI KATSARI, PS-SHYAMPUR BHATHAN, DIST-SHEOHAR","","","7","0","HLF010083","ALOK KR. SINGH","","1","HLF000001","2016-12-29 13:48:33","2016-12-29 20:49:45","2");
INSERT INTO ngo_user_detail VALUES("195","HASHINA KHATUN","HLF010085","SMFS248748","ANAWAR ALI","Mrs.","Mr.","F","38","1978-01-01","","845420","EAST CHAMPARAN","HLF010076,HLF010005,HLF010004,HLF000001,super_admin,","ANAWAR ALI","Father","Mr.","DO","","HASHINA KHATUN","","9931081797","foundationhelplife@gmail.com","VILL-U.M.S. LAHI, PO-KRISHNA NAGAR, PS-MADHUWAN, DIST-EAST CHAMPARAN","","","7","1000","HLF010076","SHARAVAN KUMAR","","1","HLF000001","2016-12-29 13:56:56","2016-12-29 13:56:56","2");
INSERT INTO ngo_user_detail VALUES("196","JAMILA KHATUN","HLF010086","SMFS385161","NURUL HODA","Mrs.","Mr.","F","44","0000-00-00","","845420","EAST CHAMPARAN","HLF010076,HLF010005,HLF010004,HLF000001,super_admin,","NURUL HODA","HUSBAND","Mr.","DO","","JAMILA KHATUN","","9801304282","foundationhelplife@gmail.com","VILL- LAHI, PO-KRISHNA NAGAR, PS-MADHUWAN, DIST-EAST CHAMPARAN","","","7","0","HLF010076","SHARAVAN KUMAR","","1","HLF000001","2016-12-29 13:58:55","2016-12-29 19:23:42","2");
INSERT INTO ngo_user_detail VALUES("197","SONU KUMAR","HLF010087","SMFS765764","DHANESHWAR SAHNI","Mr.","Mr.","M","18","1998-09-06","","0","MUZAFFARPUR","HLF010076,HLF010005,HLF010004,HLF000001,super_admin,","DHANESHWAR SAHNI","Father","Mr.","DO","","SONU KUMAR","","9199402207","foundationhelplife@gmail.com","VILL-BHUSRA, PO-HASANA, PS-GAYGHAT, DIST-MUZAFFARPUR","","","7","0","HLF010083","ALOK KR. SINGH","","1","HLF000001","2016-12-29 14:49:28","2016-12-29 20:53:57","2");
INSERT INTO ngo_user_detail VALUES("198","RAUSHAN KR. SINGH","HLF010088","SMFS904227","KRISHAN KR. SINGH","Mr.","Mr.","M","27","1989-08-06","","843316","SITAMARHI","HLF010083,HLF010076,HLF010005,HLF010004,HLF000001,super_admin,","PRIYANKA SINGH","Wife","Miss.","DO","","RAUSHAN KR. SINGH","","9507183074","foundationhelplife@gmail.com","VILL-BHATAULIYA, PO-PATAHI, PS-BELSAND, DIST-SITAMARHI","","","8","0","HLF010083","ALOK KR. SINGH","","1","HLF000001","2016-12-29 21:02:56","2016-12-29 21:02:56","2");
INSERT INTO ngo_user_detail VALUES("199","GULSHAN KHATUN","HLF010089","SMFS89071","OLAYAT BAITHA","Mrs.","Mr.","F","21","1995-02-05","","843329","SHEOHAR","HLF010083,HLF010076,HLF010005,HLF010004,HLF000001,super_admin,","MUNNI KHATUN","Mother","Mrs.","DO","","GULSHAN KHATUN","","7561931350","foundationhelplife@gmail.com","VILL-DUMARI, PO-DUMARI KATSARI, PS-SHYAMPUR BHATHAN, DIST-SHEOHAR","","","7","0","HLF010083","ALOK KR. SINGH","","1","HLF000001","2016-12-29 21:08:11","2016-12-29 21:08:11","2");
INSERT INTO ngo_user_detail VALUES("200","DHARMENDRA KUMAR","HLF010090","SMFS484960","RAJA RAM SAH","Mr.","Mr.","M","21","1995-04-01","","843329","SHEOHAR","HLF010083,HLF010076,HLF010005,HLF010004,HLF000001,super_admin,","BANARSI DEVI","Mother","Mrs.","DO","","DHARMENDRA KUMAR","","9097312229","foundationhelplife@gmail.com","VILL-AMBA TOLI, PO-AMBA KALA, PS-PIPRAHI, DIST-SHEOHAR","","","7","0","HLF010083","ALOK KR. SINGH","","1","HLF000001","2016-12-29 21:12:07","2016-12-29 21:12:07","2");
INSERT INTO ngo_user_detail VALUES("201","BABITA DEVI","HLF010091","SMFS887391","ANIL KR. SINGH","Mrs.","Mr.","F","41","1975-05-15","","843329","SHEOHAR","HLF010083,HLF010076,HLF010005,HLF010004,HLF000001,super_admin,","ANIL KR. SINGH","W","Mr.","DO","","BABITA DEVI","","8521598091","foundationhelplife@gmail.com","VILL-GAJIPUR, PO-DUMARI KATSARI, PS-SHYAMPUR BHATHAN, DIST-SHEOHAR","","","6","0","HLF010083","ALOK KR. SINGH","","1","HLF000001","2016-12-30 14:39:24","2016-12-30 14:39:24","2");
INSERT INTO ngo_user_detail VALUES("202","MAHESH SAH","HLF010092","SMFS643688","LATE- SUKHARI SAH","Mr.","Mr.","M","37","1979-01-01","","843329","SHEOHAR","HLF010091,HLF010083,HLF010076,HLF010005,HLF010004,HLF000001,super_admin,","LATE- SUKHARI SAH","HUSBAND","Mr.","DO","","MAHESH SAH","","0","foundationhelplife@gmail.com","VILL-MAHAMMADPUR KATSARI, PO-DUMARI KATSARI, PS-SHYAMPUR BHATHAN, DIST-SHEOHAR","","","7","0","HLF010091","BABITA DEVI","","1","HLF000001","2016-12-30 14:44:13","2016-12-30 14:44:13","2");
INSERT INTO ngo_user_detail VALUES("203","ANIL KR. SINGH","HLF010093","SMFS928626","LATE- RAMJI SINGH","Mr.","Mr.","M","43","1973-04-05","","843329","SHEOHAR","HLF010091,HLF010083,HLF010076,HLF010005,HLF010004,HLF000001,super_admin,","LATE- RAM JI SINGH","Father","Mr.","DO","","ANIL KR. SINGH","","8521598091","foundationhelplife@gmail.com","VILL-GAJIPUR, PO-DUMRI KATSARI, PS-SHUYAMPUR BHATHAN, DIST-SHEOHAR","","","7","0","HLF010091","BABITA DEVI","","1","HLF000001","2016-12-30 14:55:49","2016-12-30 14:55:49","2");
INSERT INTO ngo_user_detail VALUES("204","SANGITA KUMARI","HLF010094","SMFS676508","DINESH SAH","Miss.","Mr.","F","18","1998-09-26","","843329","SHEOHAR","HLF010091,HLF010083,HLF010076,HLF010005,HLF010004,HLF000001,super_admin,","DINESH SAH","Father","Mr.","DO","","SANGITA KUMARI","","8294361814","foundationhelplife@gmail.com","VILL-MAHAMMADPUR KARSARI, PO-DUMARI KATSARI, PS-SHYAMPUR BHATHAN, DIST-SHEOHAR","","","7","0","HLF010091","HEAD UNIT","","1","HLF000001","2016-12-30 15:00:22","2016-12-30 15:00:22","2");
INSERT INTO ngo_user_detail VALUES("205","LALITA KUMARI","HLF010095","SMFS523991","SURESH SAH","Miss.","Mr.","F","17","1999-01-03","","843329","SHEOHAR","HLF010091,HLF010083,HLF010076,HLF010005,HLF010004,HLF000001,super_admin,","SURESH SAH","Father","Mr.","DO","","LALITA KUMARI","","7765985472","foundationhelplife@gmail.com","VILL-MAHAMMADPUR KATSARI, PO-DUMARI KATSARI, PS-SHYAMPUR BHATHAN, DIST-SHEOHAR","","","8","0","HLF010091","BABITA DEVI","","1","HLF000001","2016-12-30 15:06:13","2016-12-30 15:06:13","2");
INSERT INTO ngo_user_detail VALUES("206","BINDU KUVANR","HLF010096","SMFS912574","KAMAL KANT MISHRA","Mrs.","Mr.","F","45","1971-03-05","","0","EAST CHAMPARAN","HLF010092,HLF010091,HLF010083,HLF010076,HLF010005,HLF010004,HLF000001,super_admin,","KAMAL KANT MISHRA","HUSBAND","Mr.","DO","","BINDU KUVANR","","9006006997","foundationhelplife@gmail.com","VILL-BOKHANIKALA MISHRATOLA, PO-BOKANE KALA, PS-PATAHI, DIST-EAST CHAMPARAN","","","7","0","HLF010092","MAHESH SAH","","1","HLF000001","2016-12-30 15:35:22","2016-12-30 15:35:22","2");
INSERT INTO ngo_user_detail VALUES("207","KIRAN DEVI","HLF010097","SMFS728327","HARINARAYAN SINGH","Mrs.","Mr.","F","24","1992-01-01","","0","EAST CHAMPARAN","HLF010092,HLF010091,HLF010083,HLF010076,HLF010005,HLF010004,HLF000001,super_admin,","HARINARAYAN SINGH","HUSBAND","Mr.","DO","","KIRAN DEVI","","8002240676","foundationhelplife@gmail.com","VILL-GOVIND BARA, PO+PS-PHENHARA, DIST-EAST CHAMPARAN","","","7","0","HLF010092","MAHESH SAH","","1","HLF000001","2016-12-30 15:40:12","2016-12-30 15:40:12","2");
INSERT INTO ngo_user_detail VALUES("208","SARDA KUMARI","HLF010098","SMFS781631","RAJESH KR. SINGH","Miss.","Mr.","F","36","1980-01-01","","843323","SITAMARHI","HLF010092,HLF010091,HLF010083,HLF010076,HLF010005,HLF010004,HLF000001,super_admin,","SACHIN KUMAR","Son","Mr.","DO","","SARDA KUMARI","","9546727370","foundationhelplife@gmail.com","VILL+PO-KUMHRA BISHANPUR, PS-DUMRA, DIST-SITAMARHI","","","7","0","HLF010092","MAHESH SAH","","1","HLF000001","2016-12-30 15:45:59","2016-12-30 15:45:59","2");
INSERT INTO ngo_user_detail VALUES("209","SARITA DEVI","HLF010099","SMFS807046","UDAY KR. SINGH","Mrs.","Mr.","M","35","1981-01-01","","0","SITAMARHI","HLF010098,HLF010092,HLF010091,HLF010083,HLF010076,HLF010005,HLF010004,HLF000001,super_admin,","UDAY KR. SINGH","Father","Mr.","DO","","SARITA DEVI","","7250462179","foundationhelplife@gmail.com","VILL+PO-LAGMA, PS-DUMRA, DIST-SITAMARHI","","","7","0","HLF010098","SARDA KUMARI","","1","HLF000001","2016-12-30 15:54:01","2016-12-30 15:54:01","2");
INSERT INTO ngo_user_detail VALUES("210","CHANDRA SHEKHAR PANDIT","HLF010100","SMFS372536","LATE- MADAN PANDIT","Mr.","Mr.","M","44","1972-06-24","","844124","VAISHALI","HLF010098,HLF010092,HLF010091,HLF010083,HLF010076,HLF010005,HLF010004,HLF000001,super_admin,","SHUSHILA DEVI","Wife","Mrs.","DO","","CHANDRA SHEKHAR PANDIT","","9472090506","foundationhelplife@gmail.com","VILL+PO-PANAPUR LANGA, PS-HAJIPUR, DIST-VAISHALI","","","7","0","HLF010098","SARDA KUMARI","","1","HLF000001","2016-12-30 16:09:57","2016-12-30 16:09:57","2");
INSERT INTO ngo_user_detail VALUES("211","MANOJ KR. MISHRA","HLF010101","SMFS482581","LATE- SACHIDANAND MISHRA","Mr.","Mr.","M","45","1971-01-03","","844119","VAISHALI","HLF010100,HLF010098,HLF010092,HLF010091,HLF010083,HLF010076,HLF010005,HLF010004,HLF000001,super_admin,","ANIMA MISHRA","Wife","Mrs.","DO","","MANOJ KR. MISHRA","","9934090138","foundationhelplife@gmail.com","VILL-KARTAHAN JAGDISHPUR, PO+PS-KARTAHAN, DIST-VAISHALI","","","7","0","HLF010100","CHANDRA SHEKHAR PANDIT","","1","HLF000001","2016-12-30 16:14:27","2016-12-30 16:14:27","2");
INSERT INTO ngo_user_detail VALUES("212","LAKHENDRA DAS","HLF010102","SMFS406057","LATE- BABU LAL DAS","Mr.","Mr.","M","39","1977-06-10","","844124","VAISHALI","HLF010100,HLF010098,HLF010092,HLF010091,HLF010083,HLF010076,HLF010005,HLF010004,HLF000001,super_admin,","SITA KUMARI","W","Mrs.","DO","","LAKHENDRA DAS","","8986980803","foundationhelplife@gmail.com","VILL+PO-PANAPUR LANGA, PS-HAJIPUR, DIST-VAISHALI","","","7","0","HLF010100","CHANDRA SHEKHAR PANDIT","","1","HLF000001","2016-12-30 16:17:35","2016-12-30 16:17:35","2");
INSERT INTO ngo_user_detail VALUES("213","SUNIL KR. RAM","HLF010103","SMFS686200","JAGDISH RAM","Mr.","Mr.","M","38","1978-03-01","","844506","SAMASTIPUR","HLF010102,HLF010100,HLF010098,HLF010092,HLF010091,HLF010083,HLF010076,HLF010005,HLF010004,HLF000001,super_admin,","SANGITA KUMARI","Wife","Miss.","DO","","SUNIL KR. RAM","","9931940722","foundationhelplife@gmail.com","VILL+PO-DHAMAUN, PS-PATORI, DIST-SAMASTIPUR","","","8","1000","HLF010102","LAKHENDRA DAS","","1","HLF000001","2016-12-30 16:30:48","2016-12-30 16:30:48","2");
INSERT INTO ngo_user_detail VALUES("214","MD. KALAMUDDIN","HLF010104","SMFS696761","MD. MUSLIM","Mr.","Mr.","M","29","1987-04-19","","844124","VAISHALI","HLF010102,HLF010100,HLF010098,HLF010092,HLF010091,HLF010083,HLF010076,HLF010005,HLF010004,HLF000001,super_admin,","JAHANARA KHATUN","Wife","Mrs.","DO","","MD. KALAMUDDIN","","9835813723","foundationhelplife@gmail.com","VILL+PO-PANAPUR LANGA, PS-HAJIPUR, DIST-VAISHALI","","","7","0","HLF010102","LAKHENDRA DAS","","1","HLF000001","2016-12-30 16:37:48","2016-12-30 16:37:48","2");
INSERT INTO ngo_user_detail VALUES("215","ROKSHANA KHATUN","HLF010105","SMFS269168","BUDHAN MIYA","Mrs.","Mr.","F","26","1990-01-01","","0","EAST CHAMPARAN","HLF010097,HLF010092,HLF010091,HLF010083,HLF010076,HLF010005,HLF010004,HLF000001,super_admin,","BUDHAN MIYA","HUSBAND","Mr.","DO","","ROKSHANA KHATUN","","9507659304","foundationhelplife@gmail.com","VILL+PO-GOVINDBARA, PS-PHENHARA, DIST-EAST CHAMPARAN","","","7","0","HLF010097","KIRAN DEVI","","1","HLF000001","2016-12-30 16:46:01","2016-12-30 16:46:01","2");
INSERT INTO ngo_user_detail VALUES("216","MD. SARTAJ","HLF010106","SMFS135362","MD. KABIR","Mr.","Mr.","M","30","1986-09-15","","843329","SHEOHAR","HLF010083,HLF010076,HLF010005,HLF010004,HLF000001,super_admin,","MD. KABIR","Father","Mr.","DO","","MD. SARTAJ","","7301174558","foundationhelplife@gmail.com","VILL+PO-AMBAKALAN, PS-PIPRAHI, DIST-SHEOHAR","","","7","0","HLF010083","ALOK KR. SINGH","","1","HLF000001","2016-12-30 20:55:37","2016-12-30 20:55:37","2");
INSERT INTO ngo_user_detail VALUES("217","RAJ KISHOR SAH","HLF010107","SMFS944625","LATE-NAGINA SAH","Mr.","Mr.","M","44","1972-02-11","","843334","SHEOHAR","HLF010106,HLF010083,HLF010076,HLF010005,HLF010004,HLF000001,super_admin,","UDAY KUMAR","SON","Mr.","DO","","RAJ KISHOR SAH","","7301948747","foundationhelplife@gmail.com","VILL+PO-MALI POKHAR BHINDA, PS+DIST-SHEOHAR","","","8","0","HLF010106","MD. SARTAJ","","1","HLF000001","2016-12-30 21:00:17","2016-12-30 21:00:17","2");
INSERT INTO ngo_user_detail VALUES("218","SANJAY SAH","HLF010108","SMFS93908","RAM EKBAL SAH","Mr.","Mr.","M","38","1978-03-24","","843334","SHEOHAR","HLF010107,HLF010106,HLF010083,HLF010076,HLF010005,HLF010004,HLF000001,super_admin,","SHILA DEVI","Wife","Mrs.","DO","","SANJAY SAH","","8804761745","foundationhelplife@gmail.com","VILL+PO-MALI POKHAR BHINDA, PS+DIST-SHEOHAR","","","8","0","HLF010107","RAJ KISHOR SAH","","1","HLF000001","2016-12-30 21:03:41","2016-12-30 21:03:41","2");
INSERT INTO ngo_user_detail VALUES("219","AVLOK ASHISH","HLF010109","SMFS791929","DULARCHAND PASWAN","Mr.","Mr.","M","44","1972-08-10","","0","MUZAFFARPUR","HLF010007,hlf010002,HLF000001,super_admin,","DULARCHAN PASWAN","Father","Mr.","DO","","AVLOK ASHISH","","9430048009","foundationhelplife@gmail.com","VILL-DHARMAGATPUR, PO-MIRAPUR, PS-SAKRA, DIST-MUZAFFARPUR","","","6","0","HLF010007","RAVINDRA KUMAR","","1","HLF000001","2016-12-30 21:17:26","2016-12-30 21:40:34","2");
INSERT INTO ngo_user_detail VALUES("220","UMESH KUMAR","HLF010110","SMFS186367","PALTOO MAHTO","Mr.","Mr.","M","43","1973-05-05","","0","MUZAFFARPUR","HLF010007,hlf010002,HLF000001,super_admin,","SUNITA DEVI","Wife","Mrs.","DO","","UMESH KUMAR","","9771727244","foundationhelplife@gmail.com","VILL-BAIKATPUR, PS-JLALPUR, PS-MUSAHARI, DIST-MUZAFFARPUR","","","7","0","HLF010007","RAVINDRA KUMAR","","1","HLF000001","2016-12-30 21:25:22","2016-12-30 21:25:22","2");
INSERT INTO ngo_user_detail VALUES("221","VIMLA DEVI","HLF010111","SMFS635623","SUSHIL KUMAR","Mrs.","Mr.","F","39","1977-06-02","","0","MUZAFFARPUR","HLF010110,HLF010007,hlf010002,HLF000001,super_admin,","DHANANJAY KUMAR","Son","Mr.","DO","","VIMLA DEVI","","7739000812","foundationhelplife@gmail.com","VILL-BAIKATPUR, PO-JALALPUR, PS-MUSAHARI, DIST-MUZAFFARPUR","","","7","0","HLF010110","UMESH KUMAR","","1","HLF000001","2016-12-30 21:29:02","2016-12-30 21:29:02","2");
INSERT INTO ngo_user_detail VALUES("222","USHA DEVI","HLF010112","SMFS613126","RAJA RAM THAKUR","Mrs.","Mr.","F","36","1980-01-01","","0","MUZAFFARPUR","HLF010111,HLF010110,HLF010007,hlf010002,HLF000001,super_admin,","RAJA RAM THAKUR","HUSBAND","Mr.","DO","","USHA DEVI","","7542895479","foundationhelplife@gmail.com","VILL-MOHAMMADPUR LALSE, PO-MAHAMMADPUR BADAL, PS-DHOLI., DIST-MUZAFFARPUR","","","7","0","HLF010111","VIMLA DEVI","","1","HLF000001","2016-12-30 21:32:17","2016-12-30 21:32:17","2");
INSERT INTO ngo_user_detail VALUES("223","MD. ALI HUSAIN ANSARI","HLF010113","SMFS984769","MD. ISLAM ANSARI","Mr.","Mr.","M","26","1990-12-20","","0","MUZAFFARPUR","HLF010007,hlf010002,HLF000001,super_admin,","RUBI KHATUN","Wife","Mrs.","DO","","MD. ALI HUSAIN ANSARI","","9771202109","foundationhelplife@gmail.com","VILL-DIPAHPUR, PO-BHIKHANPUR, PS-AHIYAPUR, DIST-MUZAFFARPUR","","","8","0","HLF010007","RAVINDRA KUMAR","","1","HLF000001","2016-12-30 21:38:33","2016-12-30 21:38:33","2");
INSERT INTO ngo_user_detail VALUES("224","INDU SINGH","HLF010114","SMFS828110","UMA SHANKAR SINGH","Miss.","Mr.","F","23","1993-07-05","","231225","SONBHADRA","HLF010010,HLF010009,HLF010002,HLF000001,super_admin,","RAM KUMARI","Mother","Mrs.","DO","","INDU SINGH","","8174018823","foundationhelplife@gmail.com","VILL+PO-RENUKOOT, PS-ANPARA, DIST-SONBHANDRA","","","8","0","HLF010010","RITA SHARMA","","1","HLF000001","2016-12-30 21:52:57","2016-12-30 21:52:57","2");
INSERT INTO ngo_user_detail VALUES("225","SAMIR KR. THAKUR","HLF010115","SMFS208192","PARASA THAKUR","Mr.","Mr.","M","20","1996-02-10","","0","MUZAFFARPUR","HLF010109,HLF010007,hlf010002,HLF000001,super_admin,","PARASA THAKUR","Father","Mr.","DO","","SAMIR KR. THAKUR","","9006671323","foundationhelplife@gmail.com","VILL-HASANPUR BAGHI, PO-WARISHNAGAR, PS-SAKRA, DIST-MUZAFFARPUR","","","7","0","HLF010109","AVLOK ASHISH","","1","HLF000001","2016-12-30 21:59:39","2016-12-30 21:59:39","2");
INSERT INTO ngo_user_detail VALUES("226","DILIP KUMAR","HLF010116","SMFS674611","VINOD THAKUR","Mr.","Mr.","M","20","1996-01-01","","0","MUZAFFARPUR","HLF010115,HLF010109,HLF010007,hlf010002,HLF000001,super_admin,","VINOD THAKUR","Father","Mr.","DO","","DILIP KUMAR","","7352694658","foundationhelplife@gmail.com","VILL-BAJITPUR, PO-CHAUMKH, PS-BOCHAHAN, DIST-MUZAFFARPUR","","","8","0","HLF010115","SAMIR KR. THAKUR","","1","HLF000001","2016-12-30 22:03:51","2016-12-30 22:03:51","2");
INSERT INTO ngo_user_detail VALUES("227","CHANDAN KUMAR","HLF010117","SMFS98147","ANGAD THAKUR","Mr.","Mr.","M","20","1996-01-01","","0","MUZAFFARPUR","HLF010115,HLF010109,HLF010007,hlf010002,HLF000001,super_admin,","ANGAD THAKUR","Father","Mr.","DO","","CHANDAN KUMAR","","9525791142","foundationhelplife@gmail.com","VILL-MANVISHUNPUR BOCHAHAN, PO+PS-SARFUDDINPUR, DIST-MUZAFFARPUR","","","7","0","HLF010115","SAMIR KR. THAKUR","","1","HLF000001","2016-12-30 22:07:49","2016-12-30 22:07:49","2");
INSERT INTO ngo_user_detail VALUES("228","JAGVEER LOK RANJAN","HLF010118","SMFS950925","JOGENDRA RAM","Mr.","Mr.","M","35","1981-01-01","","0","MUZAFFARPUR","HLF010109,HLF010007,hlf010002,HLF000001,super_admin,","JOGENDRA RAM","Father","Mr.","DO","","JAGVEER LOK RANJAN","","9128589031","foundationhelplife@gmail.com","VILL+PO+PS-PIAR, DIST-MUZAFFARPUR","","","7","0","HLF010109","AVLOK ASHISH","","1","HLF000001","2016-12-30 22:14:13","2016-12-30 22:14:13","2");
INSERT INTO ngo_user_detail VALUES("229","JITENDRA KUMAR","HLF010119","SMFS488708","BAIDYANATH CHOUDHARY","Mr.","Mr.","M","24","1992-08-20","","0","MUZAFFARPUR","HLF010118,HLF010109,HLF010007,hlf010002,HLF000001,super_admin,","BAIDYANATH CHOUDHARY","Father","Mr.","DO","","JITENDRA KUMAR","","9608628271","foundationhelplife@gmail.com","VILL+PO+PS-PIAR, DIST-MUZAFFARPUR","","","7","0","HLF010118","JAGVEER LOK RANJAN","","1","HLF000001","2016-12-30 22:18:00","2016-12-30 22:18:00","2");
INSERT INTO ngo_user_detail VALUES("230","MINA DEVI","HLF010120","SMFS880645","NARAD SAHNI","Mrs.","Mr.","F","22","1994-09-20","","0","MUZAFFARPUR","HLF010109,HLF010007,hlf010002,HLF000001,super_admin,","NARAD SAHNI","HUSBAND","Mr.","DO","","MINA DEVI","","8581095985","foundationhelplife@gmail.com","VILL+PO-MIRAPUR, PS-SAKRA, DIST-MUZAFFARPUR","","","8","0","HLF010109","AVLOK ASHISH","","1","HLF000001","2016-12-30 22:20:54","2016-12-30 22:20:54","2");
INSERT INTO ngo_user_detail VALUES("231","SHILA DEVI","HLF010121","SMFS90360","SIVAI SAHNI","Mrs.","Mr.","F","38","1978-01-03","","0","MUZAFFARPUR","HLF010109,HLF010007,hlf010002,HLF000001,super_admin,","SIVAI SAHNI","HUSBAND","Mr.","DO","","SHILA DEVI","","9006417257","foundationhelplife@gmail.com","VILL-BUDHNAGRA JAGARNATH, PO-BUDHNAGRA RADHA, PS-MUSAHARI, DIST-MUZAFFARPUR","","","7","0","HLF010109","AVLOK ASHISH","","1","HLF000001","2016-12-30 22:25:16","2016-12-30 22:25:16","2");
INSERT INTO ngo_user_detail VALUES("232","SAVITA DEVI","HLF010122","SMFS298047","JITENDRA SAHNI","Mrs.","Mr.","F","26","1990-01-01","","0","MUZAFFARPUR","HLF010121,HLF010109,HLF010007,hlf010002,HLF000001,super_admin,","JITENDRA SAHNI","HUSBAND","Mr.","DO","","SAVITA DEVI","","9631437069","foundationhelplife@gmail.com","VILL-BUDHNAGRA JAGARNATH, PO-BUDHNAGRA RADHA, PS-MUSAHARI, DIST-MUZAFFARPUR","","","8","0","HLF010121","SHILA DEVI","","1","HLF000001","2016-12-30 22:40:23","2016-12-30 22:40:23","2");
INSERT INTO ngo_user_detail VALUES("233","GIRIJA SHARMA","HLF010123","SMFS360890","UPENDRA SHARMA","Mrs.","Mr.","F","50","1966-01-01","","0","MUZAFFARPUR","HLF010121,HLF010109,HLF010007,hlf010002,HLF000001,super_admin,","UPENDRA SHARMA","HUSBAND","Mr.","DO","","GIRIJA SHARMA","","9504787580","foundationhelplife@gmail.com","VILL-AMGOLA KHAJURBANI, PO-MUSAHARI, PS-RAMNA, DIST-MUZAFFARPUR","","","8","0","HLF010121","SHILA DEVI","","1","HLF000001","2016-12-30 22:44:37","2016-12-30 22:44:37","2");
INSERT INTO ngo_user_detail VALUES("234","RUKHSANA KHATUN","HLF010124","SMFS728410","KASIM","Mrs.","Md.","F","25","1991-01-01","","0","MUZAFFARPUR","HLF010121,HLF010109,HLF010007,hlf010002,HLF000001,super_admin,","MD. KASIM","HUSBAND","Mr.","DO","","RUKHSANA KHATUN","","9135347636","foundationhelplife@gmail.com","VILL-BUDHNAGRA JAGARNATH, PO-BUDHNAGRA RADHA, PS-MUSAHARI, DIST-MUZAFFARPUR","","","8","0","HLF010121","SHILA DEVI","","1","HLF000001","2016-12-30 22:48:39","2016-12-30 22:48:39","2");
INSERT INTO ngo_user_detail VALUES("235","KIRAN DEVI","HLF010125","SMFS143874","JAY KISHOR MAHTO","Mrs.","Mr.","F","33","1983-01-01","","0","MUZAFFARPUR","HLF010121,HLF010109,HLF010007,hlf010002,HLF000001,super_admin,","JAY KISHOR MAHTO","HUSBAND","Mr.","DO","","KIRAN DEVI","","9386762889","foundationhelplife@gmail.com","VILL-BUDHNAGRA RADHA, PO-BUDHNAGRA, PS-MUSAHARI, DIST-MUZAFFARPUR","","","7","0","HLF010121","SHILA DEVI","","1","HLF000001","2016-12-30 22:53:11","2016-12-30 22:53:11","2");
INSERT INTO ngo_user_detail VALUES("236","RINKU DEVI","HLF010126","SMFS217385","MUKESH SAHNI","Mrs.","Mr.","F","23","1993-01-01","","0","MUZAFFARPUR","HLF010125,HLF010121,HLF010109,HLF010007,hlf010002,HLF000001,super_admin,","MUKESH SAHNI","HUSBAND","Mr.","DO","","RINKU DEVI","","8969499134","foundationhelplife@gmail.com","VILL+PO-BUDHNAGRA RADHA, PS-MUSAHARI,DIST-MUZAFFARPUR","","","7","0","HLF010125","KIRAN DEVI","","1","HLF000001","2016-12-30 22:58:02","2016-12-30 22:58:02","2");
INSERT INTO ngo_user_detail VALUES("237","MAMTA DEVI","HLF010127","SMFS65673","UPENDRA SAHNI","Mrs.","Mr.","F","20","1996-01-01","","0","MUZAFFARPUR","HLF010125,HLF010121,HLF010109,HLF010007,hlf010002,HLF000001,super_admin,","UPENDRA SAHNI","HUSBAND","Mr.","DO","","MAMTA DEVI","","9525276348","foundationhelplife@gmail.com","VILL-LOHBANDRA, PO-GODANPATTI, PS-PIAR, DIST-MUZAFFARPUR","","","7","1000","HLF010125","KIRAN DEVI","","1","HLF000001","2016-12-30 23:03:09","2016-12-30 23:03:09","2");
INSERT INTO ngo_user_detail VALUES("238","SONI DEVI","HLF010128","SMFS935576","GUDDU RAM","Mrs.","Mr.","F","25","1991-01-01","","0","MUZAFFARPUR","HLF010125,HLF010121,HLF010109,HLF010007,hlf010002,HLF000001,super_admin,","GUDDU RAM","HUSBAND","Mr.","DO","","SONI DEVI","","9934561814","foundationhelplife@gmail.com","VILL-BUDHNAGRA JAGARNATH","","","8","0","HLF010125","KIRAN DEVI","","1","HLF000001","2016-12-30 23:09:50","2016-12-30 23:09:50","2");
INSERT INTO ngo_user_detail VALUES("239","VIKRAM KUMAR","HLF010129","SMFS796295","NAGENDRA RAM","Mr.","Mr.","M","22","1994-01-01","","0","MUZAFFARPUR","HLF010125,HLF010121,HLF010109,HLF010007,hlf010002,HLF000001,super_admin,","NAGENDRA RAM","Father","Mr.","DO","","VIKRAM KUMAR","","7654780939","foundationhelplife@gmail.com","VILL-BUDHNAGRA JAGARNATH","","","8","0","HLF010125","KIRAN DEVI","","1","HLF000001","2016-12-30 23:12:23","2016-12-30 23:12:23","2");
INSERT INTO ngo_user_detail VALUES("240","DEEPAK KUMAR","HLF010130","SMFS873920","SURENDRA RAM","Mr.","Mr.","M","21","1995-10-10","","0","MUZAFFARPUR","HLF010125,HLF010121,HLF010109,HLF010007,hlf010002,HLF000001,super_admin,","SURENDRA RAM","Father","Mr.","DO","","DEEPAK KUMAR","","9939175156","foundationhelplife@gmail.com","VILL-BUDHNAGRA JAGARNATH","","","8","0","HLF010125","KIRAN DEVI","","1","HLF000001","2016-12-30 23:14:58","2016-12-30 23:14:58","2");
INSERT INTO ngo_user_detail VALUES("241","SADHNA  DEVI","HLF010131","SMFS97754","RANDHIR KR. JHA","Mrs.","Mr.","F","23","1993-01-01","","0","MUZAFFARPUR","HLF010125,HLF010121,HLF010109,HLF010007,hlf010002,HLF000001,super_admin,","RANDHIR KR. JHA","HUSBAND","Mr.","DO","","SADHNA  DEVI","","8226987537","foundationhelplife@gmail.com","VILL-BUDHNAGRA JAGARNATH","","","8","0","HLF010125","KIRAN DEVI","","1","HLF000001","2016-12-30 23:17:37","2016-12-30 23:17:37","2");
INSERT INTO ngo_user_detail VALUES("242","RENU DEVI","HLF010132","SMFS895456","ARUN KR. PANKAJ","Mrs.","Mr.","F","33","1983-01-20","","0","MUZAFFARPUR","HLF010125,HLF010121,HLF010109,HLF010007,hlf010002,HLF000001,super_admin,","ARUN KR. PANKAJ","HUSBAND","Mr.","DO","","RENU DEVI","","9955262920","foundationhelplife@gmail.com","VILL-MAULI, PO-CHAMMUKH, DIST-MUZAFFARPUR","","","8","0","HLF010125","KIRAN DEVI","","1","HLF000001","2016-12-30 23:21:08","2016-12-30 23:21:08","2");
INSERT INTO ngo_user_detail VALUES("243","GAUTAM KUMAR","HLF010133","","ABC","Mr.","Mr.","M","37","1980-01-01","","0","MUZAFFARPUR","HLF000001,super_admin,","ABC","ABC","Mr.","DO","","GAUTAM KUMAR","","9234527476","foundationhelplife@gmail.com","BALUAHAN","","","2","0","HLF000001","HEAD UNIT","","1","HLF000001","2016-12-31 11:06:55","2016-12-31 11:06:55","2");
INSERT INTO ngo_user_detail VALUES("244","GAUTAM KUMAR","HLF010134","smfs367363","SHIV SHANKAR PANDIT","Mr.","Mr.","M","29","1970-01-01","","0","MUZAFFARPUR","HLF000001,super_admin,","RUBY KUMARI","Wife","Mr.","DO","","GAUTAM KUMAR","","9234527476","foundationhelplife@gmail.com","VILL-KANHAULI GAUSHALA ROAD","","","2","0","HLF000001","HEAD UNIT","","1","HLF000001","2017-01-02 16:06:53","2017-01-02 16:06:53","2");
INSERT INTO ngo_user_detail VALUES("245","AJAY KR. THAKUR","HLF010135","SMFS809513","SURENDRA PD. THAKUR","Mr.","Mr.","M","40","1970-01-01","","0","MADHUBANI","HLF010075,HLF010006,HLF010005,HLF010004,HLF000001,super_admin,","SURENDRA PD. THAKUR","Father","Mr.","DO","","AJAY KR. THAKUR","","8809284550","foundationhelplife@gmail.com","VILL+PO-BAINGRA, PS-SAHARGHAT, DIST-MADHUBANI","","","6","500","HLF010075","PRASHANT KR. JHA","","1","HLF000001","2017-01-13 11:50:37","2017-01-13 11:50:37","2");
INSERT INTO ngo_user_detail VALUES("246","MD. PYARE","HLF010136","SMFS911212","MD. KASIM","Mr.","Mr.","M","19","0000-00-00","","0","MADHUBANI","HLF010075,HLF010006,HLF010005,HLF010004,HLF000001,super_admin,","MD. KASIM","Father","Mr.","DO","","MD. PYARE","","9572147876","foundationhelplife@gmail.com","VILL-TRIMUHAN, PO-BISHUNPUR,  PS-SAHARGHAT, DIST-MADHUBANI","","","6","0","HLF010135","AJAY KR. THAKUR","","1","HLF000001","2017-01-13 11:52:46","2017-01-13 11:59:26","2");
INSERT INTO ngo_user_detail VALUES("247","NIMITA KUMARI","HLF010137","SMFS236290","AMRESH KR. THAKUR","Mr.","Mr.","F","39","1977-03-09","","0","MADHUBANI","HLF010135,HLF010075,HLF010006,HLF010005,HLF010004,HLF000001,super_admin,","AMRESH KR. THAKUR","Father","Mr.","DO","","NIMITA KUMARI","","9199271448","foundationhelplife@gmail.com","VILL+PO-BAINGRA, PS-SAHARGHAT, DIST-MADHUBANI","","","6","0","HLF010135","AJAY KR. THAKUR","","1","HLF000001","2017-01-13 12:12:06","2017-01-13 12:12:06","2");
INSERT INTO ngo_user_detail VALUES("248","ADITYA KR. CHAUDHARY","HLF010138","SMFS444690","SANJIV KR. CHAUDHARY","Mr.","Mr.","M","24","1992-04-11","","0","SITAMARHI","HLF010135,HLF010075,HLF010006,HLF010005,HLF010004,HLF000001,super_admin,","SANJIV KR. CHAUDHARY","Father","Mr.","DO","","ADITYA KR. CHAUDHARY","","8294380445","foundationhelplife@gmail.com","VILL+PO-BARRI BEHATA, PS-PUPRI, DIST-SITAMARHI","","","6","0","HLF010135","AJAY KR. THAKUR","","1","HLF000001","2017-01-13 12:17:27","2017-01-13 12:17:27","2");


